Corrected_Datetime,matched_elapsed_sec,matched_ch4_ppm,matched_image_id,matched_image_file,matched_image_datetime,matched_image_timestamp_source,matched_image_path,matched_image_delta_seconds,peak_elapsed_sec,peak_ch4_ppm,peak_rank_by_ch4,peak_prominence_ppm,peak_height_ppm,peak_over_100ppm,nearest_image_id,nearest_image_file,nearest_image_datetime,nearest_image_timestamp_source,nearest_image_path,nearest_image_delta_seconds,nearest_image_abs_delta_seconds,nearest_image_relation,event_elapsed_sec,event_ch4_ppm,has_exact_image_match,is_detected_peak,report_row_type,best_image_file,best_image_datetime,best_image_path,best_image_delta_seconds,best_image_link_type
2026-04-09 11:04:28,,,,,,,,,5.0,2.1882842,83.0,0.05452219999999963,2.1882842,False,62.0,62_2026-04-09_11-04-44.jpeg,2026-04-09 11:04:44,filename_timestamp,/Users/erumhassan/Library/CloudStorage/OneDrive-UniversityofOklahoma/Caddo Nation Field Survey - Documents/Wells/W16/Field Visit Data/Field Pictures/62_2026-04-09_11-04-44.jpeg,16.0,16.0,after,5.0,2.1882842,False,True,peak_only,62_2026-04-09_11-04-44.jpeg,2026-04-09 11:04:44,/Users/erumhassan/Library/CloudStorage/OneDrive-UniversityofOklahoma/Caddo Nation Field Survey - Documents/Wells/W16/Field Visit Data/Field Pictures/62_2026-04-09_11-04-44.jpeg,16.0,nearest_peak_image
2026-04-09 11:04:33,,,,,,,,,10.0,2.1869382,84.0,0.05685080000000031,2.1869382,False,62.0,62_2026-04-09_11-04-44.jpeg,2026-04-09 11:04:44,filename_timestamp,/Users/erumhassan/Library/CloudStorage/OneDrive-UniversityofOklahoma/Caddo Nation Field Survey - Documents/Wells/W16/Field Visit Data/Field Pictures/62_2026-04-09_11-04-44.jpeg,11.0,11.0,after,10.0,2.1869382,False,True,peak_only,62_2026-04-09_11-04-44.jpeg,2026-04-09 11:04:44,/Users/erumhassan/Library/CloudStorage/OneDrive-UniversityofOklahoma/Caddo Nation Field Survey - Documents/Wells/W16/Field Visit Data/Field Pictures/62_2026-04-09_11-04-44.jpeg,11.0,nearest_peak_image
2026-04-09 11:04:37,,,,,,,,,14.0,2.180979,87.0,0.0654530999999996,2.180979,False,62.0,62_2026-04-09_11-04-44.jpeg,2026-04-09 11:04:44,filename_timestamp,/Users/erumhassan/Library/CloudStorage/OneDrive-UniversityofOklahoma/Caddo Nation Field Survey - Documents/Wells/W16/Field Visit Data/Field Pictures/62_2026-04-09_11-04-44.jpeg,7.0,7.0,after,14.0,2.180979,False,True,peak_only,62_2026-04-09_11-04-44.jpeg,2026-04-09 11:04:44,/Users/erumhassan/Library/CloudStorage/OneDrive-UniversityofOklahoma/Caddo Nation Field Survey - Documents/Wells/W16/Field Visit Data/Field Pictures/62_2026-04-09_11-04-44.jpeg,7.0,nearest_peak_image
2026-04-09 11:04:40,,,,,,,,,17.0,2.1856698999999997,85.0,0.08115719999999937,2.1856698999999997,False,62.0,62_2026-04-09_11-04-44.jpeg,2026-04-09 11:04:44,filename_timestamp,/Users/erumhassan/Library/CloudStorage/OneDrive-UniversityofOklahoma/Caddo Nation Field Survey - Documents/Wells/W16/Field Visit Data/Field Pictures/62_2026-04-09_11-04-44.jpeg,4.0,4.0,after,17.0,2.1856698999999997,False,True,peak_only,62_2026-04-09_11-04-44.jpeg,2026-04-09 11:04:44,/Users/erumhassan/Library/CloudStorage/OneDrive-UniversityofOklahoma/Caddo Nation Field Survey - Documents/Wells/W16/Field Visit Data/Field Pictures/62_2026-04-09_11-04-44.jpeg,4.0,nearest_peak_image
2026-04-09 11:04:44,21.0,2.1729233,62.0,62_2026-04-09_11-04-44.jpeg,2026-04-09 11:04:44,filename_timestamp,/Users/erumhassan/Library/CloudStorage/OneDrive-UniversityofOklahoma/Caddo Nation Field Survey - Documents/Wells/W16/Field Visit Data/Field Pictures/62_2026-04-09_11-04-44.jpeg,0.0,21.0,2.1729233,91.0,0.05771499999999996,2.1729233,False,62.0,62_2026-04-09_11-04-44.jpeg,2026-04-09 11:04:44,filename_timestamp,/Users/erumhassan/Library/CloudStorage/OneDrive-UniversityofOklahoma/Caddo Nation Field Survey - Documents/Wells/W16/Field Visit Data/Field Pictures/62_2026-04-09_11-04-44.jpeg,0.0,0.0,exact,21.0,2.1729233,True,True,matched_image_and_peak,62_2026-04-09_11-04-44.jpeg,2026-04-09 11:04:44,/Users/erumhassan/Library/CloudStorage/OneDrive-UniversityofOklahoma/Caddo Nation Field Survey - Documents/Wells/W16/Field Visit Data/Field Pictures/62_2026-04-09_11-04-44.jpeg,0.0,exact_image_match
2026-04-09 11:04:46,23.0,2.1133227999999997,63.0,63_2026-04-09_11-04-46.jpeg,2026-04-09 11:04:46,filename_timestamp,/Users/erumhassan/Library/CloudStorage/OneDrive-UniversityofOklahoma/Caddo Nation Field Survey - Documents/Wells/W16/Field Visit Data/Field Pictures/63_2026-04-09_11-04-46.jpeg,0.0,,,,,,,,,,,,,,,23.0,2.1133227999999997,True,False,matched_image_only,63_2026-04-09_11-04-46.jpeg,2026-04-09 11:04:46,/Users/erumhassan/Library/CloudStorage/OneDrive-UniversityofOklahoma/Caddo Nation Field Survey - Documents/Wells/W16/Field Visit Data/Field Pictures/63_2026-04-09_11-04-46.jpeg,0.0,exact_image_match
2026-04-09 11:04:47,,,,,,,,,24.0,2.1755354000000002,88.0,0.062212600000000506,2.1755354000000002,False,63.0,63_2026-04-09_11-04-46.jpeg,2026-04-09 11:04:46,filename_timestamp,/Users/erumhassan/Library/CloudStorage/OneDrive-UniversityofOklahoma/Caddo Nation Field Survey - Documents/Wells/W16/Field Visit Data/Field Pictures/63_2026-04-09_11-04-46.jpeg,-1.0,1.0,before,24.0,2.1755354000000002,False,True,peak_only,63_2026-04-09_11-04-46.jpeg,2026-04-09 11:04:46,/Users/erumhassan/Library/CloudStorage/OneDrive-UniversityofOklahoma/Caddo Nation Field Survey - Documents/Wells/W16/Field Visit Data/Field Pictures/63_2026-04-09_11-04-46.jpeg,-1.0,nearest_peak_image
2026-04-09 11:04:59,,,,,,,,,36.0,2.1662114000000003,92.0,0.054132800000000536,2.1662114000000003,False,64.0,64_2026-04-09_11-05-07.jpeg,2026-04-09 11:05:07,filename_timestamp,/Users/erumhassan/Library/CloudStorage/OneDrive-UniversityofOklahoma/Caddo Nation Field Survey - Documents/Wells/W16/Field Visit Data/Field Pictures/64_2026-04-09_11-05-07.jpeg,8.0,8.0,after,36.0,2.1662114000000003,False,True,peak_only,64_2026-04-09_11-05-07.jpeg,2026-04-09 11:05:07,/Users/erumhassan/Library/CloudStorage/OneDrive-UniversityofOklahoma/Caddo Nation Field Survey - Documents/Wells/W16/Field Visit Data/Field Pictures/64_2026-04-09_11-05-07.jpeg,8.0,nearest_peak_image
2026-04-09 11:05:07,44.0,2.174071,64.0,64_2026-04-09_11-05-07.jpeg,2026-04-09 11:05:07,filename_timestamp,/Users/erumhassan/Library/CloudStorage/OneDrive-UniversityofOklahoma/Caddo Nation Field Survey - Documents/Wells/W16/Field Visit Data/Field Pictures/64_2026-04-09_11-05-07.jpeg,0.0,44.0,2.174071,90.0,0.06930440000000004,2.174071,False,64.0,64_2026-04-09_11-05-07.jpeg,2026-04-09 11:05:07,filename_timestamp,/Users/erumhassan/Library/CloudStorage/OneDrive-UniversityofOklahoma/Caddo Nation Field Survey - Documents/Wells/W16/Field Visit Data/Field Pictures/64_2026-04-09_11-05-07.jpeg,0.0,0.0,exact,44.0,2.174071,True,True,matched_image_and_peak,64_2026-04-09_11-05-07.jpeg,2026-04-09 11:05:07,/Users/erumhassan/Library/CloudStorage/OneDrive-UniversityofOklahoma/Caddo Nation Field Survey - Documents/Wells/W16/Field Visit Data/Field Pictures/64_2026-04-09_11-05-07.jpeg,0.0,exact_image_match
2026-04-09 11:05:10,47.0,2.1662283,65.0,65_2026-04-09_11-05-10.jpeg,2026-04-09 11:05:10,filename_timestamp,/Users/erumhassan/Library/CloudStorage/OneDrive-UniversityofOklahoma/Caddo Nation Field Survey - Documents/Wells/W16/Field Visit Data/Field Pictures/65_2026-04-09_11-05-10.jpeg,0.0,,,,,,,,,,,,,,,47.0,2.1662283,True,False,matched_image_only,65_2026-04-09_11-05-10.jpeg,2026-04-09 11:05:10,/Users/erumhassan/Library/CloudStorage/OneDrive-UniversityofOklahoma/Caddo Nation Field Survey - Documents/Wells/W16/Field Visit Data/Field Pictures/65_2026-04-09_11-05-10.jpeg,0.0,exact_image_match
2026-04-09 11:05:14,51.0,2.164342,13.0,13_2026-04-09_11-05-14.HEIC,2026-04-09 11:05:14,filename_timestamp,/Users/erumhassan/Library/CloudStorage/OneDrive-UniversityofOklahoma/Caddo Nation Field Survey - Documents/Wells/W16/Field Visit Data/Field Pictures/13_2026-04-09_11-05-14.HEIC,0.0,,,,,,,,,,,,,,,51.0,2.164342,True,False,matched_image_only,13_2026-04-09_11-05-14.HEIC,2026-04-09 11:05:14,/Users/erumhassan/Library/CloudStorage/OneDrive-UniversityofOklahoma/Caddo Nation Field Survey - Documents/Wells/W16/Field Visit Data/Field Pictures/13_2026-04-09_11-05-14.HEIC,0.0,exact_image_match
2026-04-09 11:05:16,53.0,2.1631489,14.0,14_2026-04-09_11-05-16.HEIC,2026-04-09 11:05:16,filename_timestamp,/Users/erumhassan/Library/CloudStorage/OneDrive-UniversityofOklahoma/Caddo Nation Field Survey - Documents/Wells/W16/Field Visit Data/Field Pictures/14_2026-04-09_11-05-16.HEIC,0.0,,,,,,,,,,,,,,,53.0,2.1631489,True,False,matched_image_only,14_2026-04-09_11-05-16.HEIC,2026-04-09 11:05:16,/Users/erumhassan/Library/CloudStorage/OneDrive-UniversityofOklahoma/Caddo Nation Field Survey - Documents/Wells/W16/Field Visit Data/Field Pictures/14_2026-04-09_11-05-16.HEIC,0.0,exact_image_match
2026-04-09 11:05:20,57.0,2.1617995999999997,15.0,15_2026-04-09_11-05-20.HEIC,2026-04-09 11:05:20,filename_timestamp,/Users/erumhassan/Library/CloudStorage/OneDrive-UniversityofOklahoma/Caddo Nation Field Survey - Documents/Wells/W16/Field Visit Data/Field Pictures/15_2026-04-09_11-05-20.HEIC,0.0,,,,,,,,,,,,,,,57.0,2.1617995999999997,True,False,matched_image_only,15_2026-04-09_11-05-20.HEIC,2026-04-09 11:05:20,/Users/erumhassan/Library/CloudStorage/OneDrive-UniversityofOklahoma/Caddo Nation Field Survey - Documents/Wells/W16/Field Visit Data/Field Pictures/15_2026-04-09_11-05-20.HEIC,0.0,exact_image_match
2026-04-09 11:05:53,90.0,2.1556206,16.0,16_2026-04-09_11-05-53.HEIC,2026-04-09 11:05:53,filename_timestamp,/Users/erumhassan/Library/CloudStorage/OneDrive-UniversityofOklahoma/Caddo Nation Field Survey - Documents/Wells/W16/Field Visit Data/Field Pictures/16_2026-04-09_11-05-53.HEIC,0.0,,,,,,,,,,,,,,,90.0,2.1556206,True,False,matched_image_only,16_2026-04-09_11-05-53.HEIC,2026-04-09 11:05:53,/Users/erumhassan/Library/CloudStorage/OneDrive-UniversityofOklahoma/Caddo Nation Field Survey - Documents/Wells/W16/Field Visit Data/Field Pictures/16_2026-04-09_11-05-53.HEIC,0.0,exact_image_match
2026-04-09 11:05:56,93.0,2.1548726,17.0,17_2026-04-09_11-05-56.HEIC,2026-04-09 11:05:56,filename_timestamp,/Users/erumhassan/Library/CloudStorage/OneDrive-UniversityofOklahoma/Caddo Nation Field Survey - Documents/Wells/W16/Field Visit Data/Field Pictures/17_2026-04-09_11-05-56.HEIC,0.0,,,,,,,,,,,,,,,93.0,2.1548726,True,False,matched_image_only,17_2026-04-09_11-05-56.HEIC,2026-04-09 11:05:56,/Users/erumhassan/Library/CloudStorage/OneDrive-UniversityofOklahoma/Caddo Nation Field Survey - Documents/Wells/W16/Field Visit Data/Field Pictures/17_2026-04-09_11-05-56.HEIC,0.0,exact_image_match
2026-04-09 11:05:59,96.0,2.1558078999999997,18.0,18_2026-04-09_11-05-59.HEIC,2026-04-09 11:05:59,filename_timestamp,/Users/erumhassan/Library/CloudStorage/OneDrive-UniversityofOklahoma/Caddo Nation Field Survey - Documents/Wells/W16/Field Visit Data/Field Pictures/18_2026-04-09_11-05-59.HEIC,0.0,,,,,,,,,,,,,,,96.0,2.1558078999999997,True,False,matched_image_only,18_2026-04-09_11-05-59.HEIC,2026-04-09 11:05:59,/Users/erumhassan/Library/CloudStorage/OneDrive-UniversityofOklahoma/Caddo Nation Field Survey - Documents/Wells/W16/Field Visit Data/Field Pictures/18_2026-04-09_11-05-59.HEIC,0.0,exact_image_match
2026-04-09 11:06:07,,,,,,,,,104.0,2.1649341,93.0,0.09391799999999995,2.1649341,False,18.0,18_2026-04-09_11-05-59.HEIC,2026-04-09 11:05:59,filename_timestamp,/Users/erumhassan/Library/CloudStorage/OneDrive-UniversityofOklahoma/Caddo Nation Field Survey - Documents/Wells/W16/Field Visit Data/Field Pictures/18_2026-04-09_11-05-59.HEIC,-8.0,8.0,before,104.0,2.1649341,False,True,peak_only,18_2026-04-09_11-05-59.HEIC,2026-04-09 11:05:59,/Users/erumhassan/Library/CloudStorage/OneDrive-UniversityofOklahoma/Caddo Nation Field Survey - Documents/Wells/W16/Field Visit Data/Field Pictures/18_2026-04-09_11-05-59.HEIC,-8.0,nearest_peak_image
2026-04-09 11:06:19,,,,,,,,,116.0,2.1541416,97.0,0.07480200000000004,2.1541416,False,18.0,18_2026-04-09_11-05-59.HEIC,2026-04-09 11:05:59,filename_timestamp,/Users/erumhassan/Library/CloudStorage/OneDrive-UniversityofOklahoma/Caddo Nation Field Survey - Documents/Wells/W16/Field Visit Data/Field Pictures/18_2026-04-09_11-05-59.HEIC,-20.0,20.0,before,116.0,2.1541416,False,True,peak_only,18_2026-04-09_11-05-59.HEIC,2026-04-09 11:05:59,/Users/erumhassan/Library/CloudStorage/OneDrive-UniversityofOklahoma/Caddo Nation Field Survey - Documents/Wells/W16/Field Visit Data/Field Pictures/18_2026-04-09_11-05-59.HEIC,-20.0,nearest_peak_image
2026-04-09 11:07:23,,,,,,,,,180.0,2.22424,77.0,0.11427760000000031,2.22424,False,18.0,18_2026-04-09_11-05-59.HEIC,2026-04-09 11:05:59,filename_timestamp,/Users/erumhassan/Library/CloudStorage/OneDrive-UniversityofOklahoma/Caddo Nation Field Survey - Documents/Wells/W16/Field Visit Data/Field Pictures/18_2026-04-09_11-05-59.HEIC,-84.0,84.0,before,180.0,2.22424,False,True,peak_only,18_2026-04-09_11-05-59.HEIC,2026-04-09 11:05:59,/Users/erumhassan/Library/CloudStorage/OneDrive-UniversityofOklahoma/Caddo Nation Field Survey - Documents/Wells/W16/Field Visit Data/Field Pictures/18_2026-04-09_11-05-59.HEIC,-84.0,nearest_peak_image
2026-04-09 11:07:58,,,,,,,,,215.0,2.5253994,46.0,0.41141939999999977,2.5253994,False,18.0,18_2026-04-09_11-05-59.HEIC,2026-04-09 11:05:59,filename_timestamp,/Users/erumhassan/Library/CloudStorage/OneDrive-UniversityofOklahoma/Caddo Nation Field Survey - Documents/Wells/W16/Field Visit Data/Field Pictures/18_2026-04-09_11-05-59.HEIC,-119.0,119.0,before,215.0,2.5253994,False,True,peak_only,18_2026-04-09_11-05-59.HEIC,2026-04-09 11:05:59,/Users/erumhassan/Library/CloudStorage/OneDrive-UniversityofOklahoma/Caddo Nation Field Survey - Documents/Wells/W16/Field Visit Data/Field Pictures/18_2026-04-09_11-05-59.HEIC,-119.0,nearest_peak_image
2026-04-09 11:08:11,,,,,,,,,228.0,3.4391804,26.0,1.322228,3.4391804,False,18.0,18_2026-04-09_11-05-59.HEIC,2026-04-09 11:05:59,filename_timestamp,/Users/erumhassan/Library/CloudStorage/OneDrive-UniversityofOklahoma/Caddo Nation Field Survey - Documents/Wells/W16/Field Visit Data/Field Pictures/18_2026-04-09_11-05-59.HEIC,-132.0,132.0,before,228.0,3.4391804,False,True,peak_only,18_2026-04-09_11-05-59.HEIC,2026-04-09 11:05:59,/Users/erumhassan/Library/CloudStorage/OneDrive-UniversityofOklahoma/Caddo Nation Field Survey - Documents/Wells/W16/Field Visit Data/Field Pictures/18_2026-04-09_11-05-59.HEIC,-132.0,nearest_peak_image
2026-04-09 11:08:19,,,,,,,,,236.0,101.86531,4.0,99.1100661,101.86531,True,19.0,19_2026-04-09_11-10-29.HEIC,2026-04-09 11:10:29,filename_timestamp,/Users/erumhassan/Library/CloudStorage/OneDrive-UniversityofOklahoma/Caddo Nation Field Survey - Documents/Wells/W16/Field Visit Data/Field Pictures/19_2026-04-09_11-10-29.HEIC,130.0,130.0,after,236.0,101.86531,False,True,peak_only,19_2026-04-09_11-10-29.HEIC,2026-04-09 11:10:29,/Users/erumhassan/Library/CloudStorage/OneDrive-UniversityofOklahoma/Caddo Nation Field Survey - Documents/Wells/W16/Field Visit Data/Field Pictures/19_2026-04-09_11-10-29.HEIC,130.0,nearest_peak_image
2026-04-09 11:08:24,,,,,,,,,241.0,232.56514,2.0,230.3752369,232.56514,True,19.0,19_2026-04-09_11-10-29.HEIC,2026-04-09 11:10:29,filename_timestamp,/Users/erumhassan/Library/CloudStorage/OneDrive-UniversityofOklahoma/Caddo Nation Field Survey - Documents/Wells/W16/Field Visit Data/Field Pictures/19_2026-04-09_11-10-29.HEIC,125.0,125.0,after,241.0,232.56514,False,True,peak_only,19_2026-04-09_11-10-29.HEIC,2026-04-09 11:10:29,/Users/erumhassan/Library/CloudStorage/OneDrive-UniversityofOklahoma/Caddo Nation Field Survey - Documents/Wells/W16/Field Visit Data/Field Pictures/19_2026-04-09_11-10-29.HEIC,125.0,nearest_peak_image
2026-04-09 11:08:39,,,,,,,,,256.0,170.76062,3.0,168.30730409999998,170.76062,True,19.0,19_2026-04-09_11-10-29.HEIC,2026-04-09 11:10:29,filename_timestamp,/Users/erumhassan/Library/CloudStorage/OneDrive-UniversityofOklahoma/Caddo Nation Field Survey - Documents/Wells/W16/Field Visit Data/Field Pictures/19_2026-04-09_11-10-29.HEIC,110.0,110.0,after,256.0,170.76062,False,True,peak_only,19_2026-04-09_11-10-29.HEIC,2026-04-09 11:10:29,/Users/erumhassan/Library/CloudStorage/OneDrive-UniversityofOklahoma/Caddo Nation Field Survey - Documents/Wells/W16/Field Visit Data/Field Pictures/19_2026-04-09_11-10-29.HEIC,110.0,nearest_peak_image
2026-04-09 11:08:43,,,,,,,,,260.0,58.077555000000004,6.0,13.316688000000006,58.077555000000004,False,19.0,19_2026-04-09_11-10-29.HEIC,2026-04-09 11:10:29,filename_timestamp,/Users/erumhassan/Library/CloudStorage/OneDrive-UniversityofOklahoma/Caddo Nation Field Survey - Documents/Wells/W16/Field Visit Data/Field Pictures/19_2026-04-09_11-10-29.HEIC,106.0,106.0,after,260.0,58.077555000000004,False,True,peak_only,19_2026-04-09_11-10-29.HEIC,2026-04-09 11:10:29,/Users/erumhassan/Library/CloudStorage/OneDrive-UniversityofOklahoma/Caddo Nation Field Survey - Documents/Wells/W16/Field Visit Data/Field Pictures/19_2026-04-09_11-10-29.HEIC,106.0,nearest_peak_image
2026-04-09 11:08:47,,,,,,,,,264.0,84.40744500000001,5.0,55.63117700000001,84.40744500000001,False,19.0,19_2026-04-09_11-10-29.HEIC,2026-04-09 11:10:29,filename_timestamp,/Users/erumhassan/Library/CloudStorage/OneDrive-UniversityofOklahoma/Caddo Nation Field Survey - Documents/Wells/W16/Field Visit Data/Field Pictures/19_2026-04-09_11-10-29.HEIC,102.0,102.0,after,264.0,84.40744500000001,False,True,peak_only,19_2026-04-09_11-10-29.HEIC,2026-04-09 11:10:29,/Users/erumhassan/Library/CloudStorage/OneDrive-UniversityofOklahoma/Caddo Nation Field Survey - Documents/Wells/W16/Field Visit Data/Field Pictures/19_2026-04-09_11-10-29.HEIC,102.0,nearest_peak_image
2026-04-09 11:08:54,,,,,,,,,271.0,3.6694101999999997,25.0,1.1169683,3.6694101999999997,False,19.0,19_2026-04-09_11-10-29.HEIC,2026-04-09 11:10:29,filename_timestamp,/Users/erumhassan/Library/CloudStorage/OneDrive-UniversityofOklahoma/Caddo Nation Field Survey - Documents/Wells/W16/Field Visit Data/Field Pictures/19_2026-04-09_11-10-29.HEIC,95.0,95.0,after,271.0,3.6694101999999997,False,True,peak_only,19_2026-04-09_11-10-29.HEIC,2026-04-09 11:10:29,/Users/erumhassan/Library/CloudStorage/OneDrive-UniversityofOklahoma/Caddo Nation Field Survey - Documents/Wells/W16/Field Visit Data/Field Pictures/19_2026-04-09_11-10-29.HEIC,95.0,nearest_peak_image
2026-04-09 11:08:57,,,,,,,,,274.0,25.954062,9.0,23.2080427,25.954062,False,19.0,19_2026-04-09_11-10-29.HEIC,2026-04-09 11:10:29,filename_timestamp,/Users/erumhassan/Library/CloudStorage/OneDrive-UniversityofOklahoma/Caddo Nation Field Survey - Documents/Wells/W16/Field Visit Data/Field Pictures/19_2026-04-09_11-10-29.HEIC,92.0,92.0,after,274.0,25.954062,False,True,peak_only,19_2026-04-09_11-10-29.HEIC,2026-04-09 11:10:29,/Users/erumhassan/Library/CloudStorage/OneDrive-UniversityofOklahoma/Caddo Nation Field Survey - Documents/Wells/W16/Field Visit Data/Field Pictures/19_2026-04-09_11-10-29.HEIC,92.0,nearest_peak_image
2026-04-09 11:09:02,,,,,,,,,279.0,11.764008,14.0,8.9333913,11.764008,False,19.0,19_2026-04-09_11-10-29.HEIC,2026-04-09 11:10:29,filename_timestamp,/Users/erumhassan/Library/CloudStorage/OneDrive-UniversityofOklahoma/Caddo Nation Field Survey - Documents/Wells/W16/Field Visit Data/Field Pictures/19_2026-04-09_11-10-29.HEIC,87.0,87.0,after,279.0,11.764008,False,True,peak_only,19_2026-04-09_11-10-29.HEIC,2026-04-09 11:10:29,/Users/erumhassan/Library/CloudStorage/OneDrive-UniversityofOklahoma/Caddo Nation Field Survey - Documents/Wells/W16/Field Visit Data/Field Pictures/19_2026-04-09_11-10-29.HEIC,87.0,nearest_peak_image
2026-04-09 11:09:09,,,,,,,,,286.0,665.45675,1.0,663.4004124,665.45675,True,19.0,19_2026-04-09_11-10-29.HEIC,2026-04-09 11:10:29,filename_timestamp,/Users/erumhassan/Library/CloudStorage/OneDrive-UniversityofOklahoma/Caddo Nation Field Survey - Documents/Wells/W16/Field Visit Data/Field Pictures/19_2026-04-09_11-10-29.HEIC,80.0,80.0,after,286.0,665.45675,False,True,peak_only,19_2026-04-09_11-10-29.HEIC,2026-04-09 11:10:29,/Users/erumhassan/Library/CloudStorage/OneDrive-UniversityofOklahoma/Caddo Nation Field Survey - Documents/Wells/W16/Field Visit Data/Field Pictures/19_2026-04-09_11-10-29.HEIC,80.0,nearest_peak_image
2026-04-09 11:09:18,,,,,,,,,295.0,17.377686,11.0,14.2739968,17.377686,False,19.0,19_2026-04-09_11-10-29.HEIC,2026-04-09 11:10:29,filename_timestamp,/Users/erumhassan/Library/CloudStorage/OneDrive-UniversityofOklahoma/Caddo Nation Field Survey - Documents/Wells/W16/Field Visit Data/Field Pictures/19_2026-04-09_11-10-29.HEIC,71.0,71.0,after,295.0,17.377686,False,True,peak_only,19_2026-04-09_11-10-29.HEIC,2026-04-09 11:10:29,/Users/erumhassan/Library/CloudStorage/OneDrive-UniversityofOklahoma/Caddo Nation Field Survey - Documents/Wells/W16/Field Visit Data/Field Pictures/19_2026-04-09_11-10-29.HEIC,71.0,nearest_peak_image
2026-04-09 11:09:27,,,,,,,,,304.0,53.101973,7.0,50.7844437,53.101973,False,19.0,19_2026-04-09_11-10-29.HEIC,2026-04-09 11:10:29,filename_timestamp,/Users/erumhassan/Library/CloudStorage/OneDrive-UniversityofOklahoma/Caddo Nation Field Survey - Documents/Wells/W16/Field Visit Data/Field Pictures/19_2026-04-09_11-10-29.HEIC,62.0,62.0,after,304.0,53.101973,False,True,peak_only,19_2026-04-09_11-10-29.HEIC,2026-04-09 11:10:29,/Users/erumhassan/Library/CloudStorage/OneDrive-UniversityofOklahoma/Caddo Nation Field Survey - Documents/Wells/W16/Field Visit Data/Field Pictures/19_2026-04-09_11-10-29.HEIC,62.0,nearest_peak_image
2026-04-09 11:09:44,,,,,,,,,321.0,2.8850698,33.0,0.7106306000000004,2.8850698,False,19.0,19_2026-04-09_11-10-29.HEIC,2026-04-09 11:10:29,filename_timestamp,/Users/erumhassan/Library/CloudStorage/OneDrive-UniversityofOklahoma/Caddo Nation Field Survey - Documents/Wells/W16/Field Visit Data/Field Pictures/19_2026-04-09_11-10-29.HEIC,45.0,45.0,after,321.0,2.8850698,False,True,peak_only,19_2026-04-09_11-10-29.HEIC,2026-04-09 11:10:29,/Users/erumhassan/Library/CloudStorage/OneDrive-UniversityofOklahoma/Caddo Nation Field Survey - Documents/Wells/W16/Field Visit Data/Field Pictures/19_2026-04-09_11-10-29.HEIC,45.0,nearest_peak_image
2026-04-09 11:09:51,,,,,,,,,328.0,4.2089434,22.0,2.059387,4.2089434,False,19.0,19_2026-04-09_11-10-29.HEIC,2026-04-09 11:10:29,filename_timestamp,/Users/erumhassan/Library/CloudStorage/OneDrive-UniversityofOklahoma/Caddo Nation Field Survey - Documents/Wells/W16/Field Visit Data/Field Pictures/19_2026-04-09_11-10-29.HEIC,38.0,38.0,after,328.0,4.2089434,False,True,peak_only,19_2026-04-09_11-10-29.HEIC,2026-04-09 11:10:29,/Users/erumhassan/Library/CloudStorage/OneDrive-UniversityofOklahoma/Caddo Nation Field Survey - Documents/Wells/W16/Field Visit Data/Field Pictures/19_2026-04-09_11-10-29.HEIC,38.0,nearest_peak_image
2026-04-09 11:10:06,,,,,,,,,343.0,3.8159746,23.0,1.6034164999999998,3.8159746,False,19.0,19_2026-04-09_11-10-29.HEIC,2026-04-09 11:10:29,filename_timestamp,/Users/erumhassan/Library/CloudStorage/OneDrive-UniversityofOklahoma/Caddo Nation Field Survey - Documents/Wells/W16/Field Visit Data/Field Pictures/19_2026-04-09_11-10-29.HEIC,23.0,23.0,after,343.0,3.8159746,False,True,peak_only,19_2026-04-09_11-10-29.HEIC,2026-04-09 11:10:29,/Users/erumhassan/Library/CloudStorage/OneDrive-UniversityofOklahoma/Caddo Nation Field Survey - Documents/Wells/W16/Field Visit Data/Field Pictures/19_2026-04-09_11-10-29.HEIC,23.0,nearest_peak_image
2026-04-09 11:10:12,,,,,,,,,349.0,19.572051,10.0,17.4534399,19.572051,False,19.0,19_2026-04-09_11-10-29.HEIC,2026-04-09 11:10:29,filename_timestamp,/Users/erumhassan/Library/CloudStorage/OneDrive-UniversityofOklahoma/Caddo Nation Field Survey - Documents/Wells/W16/Field Visit Data/Field Pictures/19_2026-04-09_11-10-29.HEIC,17.0,17.0,after,349.0,19.572051,False,True,peak_only,19_2026-04-09_11-10-29.HEIC,2026-04-09 11:10:29,/Users/erumhassan/Library/CloudStorage/OneDrive-UniversityofOklahoma/Caddo Nation Field Survey - Documents/Wells/W16/Field Visit Data/Field Pictures/19_2026-04-09_11-10-29.HEIC,17.0,nearest_peak_image
2026-04-09 11:10:21,,,,,,,,,358.0,3.1116965,28.0,0.9898468999999999,3.1116965,False,19.0,19_2026-04-09_11-10-29.HEIC,2026-04-09 11:10:29,filename_timestamp,/Users/erumhassan/Library/CloudStorage/OneDrive-UniversityofOklahoma/Caddo Nation Field Survey - Documents/Wells/W16/Field Visit Data/Field Pictures/19_2026-04-09_11-10-29.HEIC,8.0,8.0,after,358.0,3.1116965,False,True,peak_only,19_2026-04-09_11-10-29.HEIC,2026-04-09 11:10:29,/Users/erumhassan/Library/CloudStorage/OneDrive-UniversityofOklahoma/Caddo Nation Field Survey - Documents/Wells/W16/Field Visit Data/Field Pictures/19_2026-04-09_11-10-29.HEIC,8.0,nearest_peak_image
2026-04-09 11:10:27,,,,,,,,,364.0,4.493892600000001,18.0,2.3798191000000006,4.493892600000001,False,19.0,19_2026-04-09_11-10-29.HEIC,2026-04-09 11:10:29,filename_timestamp,/Users/erumhassan/Library/CloudStorage/OneDrive-UniversityofOklahoma/Caddo Nation Field Survey - Documents/Wells/W16/Field Visit Data/Field Pictures/19_2026-04-09_11-10-29.HEIC,2.0,2.0,after,364.0,4.493892600000001,False,True,peak_only,19_2026-04-09_11-10-29.HEIC,2026-04-09 11:10:29,/Users/erumhassan/Library/CloudStorage/OneDrive-UniversityofOklahoma/Caddo Nation Field Survey - Documents/Wells/W16/Field Visit Data/Field Pictures/19_2026-04-09_11-10-29.HEIC,2.0,nearest_peak_image
2026-04-09 11:10:29,366.0,2.2018389000000003,19.0,19_2026-04-09_11-10-29.HEIC,2026-04-09 11:10:29,filename_timestamp,/Users/erumhassan/Library/CloudStorage/OneDrive-UniversityofOklahoma/Caddo Nation Field Survey - Documents/Wells/W16/Field Visit Data/Field Pictures/19_2026-04-09_11-10-29.HEIC,0.0,,,,,,,,,,,,,,,366.0,2.2018389000000003,True,False,matched_image_only,19_2026-04-09_11-10-29.HEIC,2026-04-09 11:10:29,/Users/erumhassan/Library/CloudStorage/OneDrive-UniversityofOklahoma/Caddo Nation Field Survey - Documents/Wells/W16/Field Visit Data/Field Pictures/19_2026-04-09_11-10-29.HEIC,0.0,exact_image_match
2026-04-09 11:10:34,,,,,,,,,371.0,5.7020703,15.0,3.5881484,5.7020703,False,19.0,19_2026-04-09_11-10-29.HEIC,2026-04-09 11:10:29,filename_timestamp,/Users/erumhassan/Library/CloudStorage/OneDrive-UniversityofOklahoma/Caddo Nation Field Survey - Documents/Wells/W16/Field Visit Data/Field Pictures/19_2026-04-09_11-10-29.HEIC,-5.0,5.0,before,371.0,5.7020703,False,True,peak_only,19_2026-04-09_11-10-29.HEIC,2026-04-09 11:10:29,/Users/erumhassan/Library/CloudStorage/OneDrive-UniversityofOklahoma/Caddo Nation Field Survey - Documents/Wells/W16/Field Visit Data/Field Pictures/19_2026-04-09_11-10-29.HEIC,-5.0,nearest_peak_image
2026-04-09 11:10:54,,,,,,,,,391.0,5.332877000000001,17.0,3.2268814000000003,5.332877000000001,False,20.0,20_2026-04-09_11-11-17.HEIC,2026-04-09 11:11:17,filename_timestamp,/Users/erumhassan/Library/CloudStorage/OneDrive-UniversityofOklahoma/Caddo Nation Field Survey - Documents/Wells/W16/Field Visit Data/Field Pictures/20_2026-04-09_11-11-17.HEIC,23.0,23.0,after,391.0,5.332877000000001,False,True,peak_only,20_2026-04-09_11-11-17.HEIC,2026-04-09 11:11:17,/Users/erumhassan/Library/CloudStorage/OneDrive-UniversityofOklahoma/Caddo Nation Field Survey - Documents/Wells/W16/Field Visit Data/Field Pictures/20_2026-04-09_11-11-17.HEIC,23.0,nearest_peak_image
2026-04-09 11:11:17,414.0,2.1041736,20.0,20_2026-04-09_11-11-17.HEIC,2026-04-09 11:11:17,filename_timestamp,/Users/erumhassan/Library/CloudStorage/OneDrive-UniversityofOklahoma/Caddo Nation Field Survey - Documents/Wells/W16/Field Visit Data/Field Pictures/20_2026-04-09_11-11-17.HEIC,0.0,,,,,,,,,,,,,,,414.0,2.1041736,True,False,matched_image_only,20_2026-04-09_11-11-17.HEIC,2026-04-09 11:11:17,/Users/erumhassan/Library/CloudStorage/OneDrive-UniversityofOklahoma/Caddo Nation Field Survey - Documents/Wells/W16/Field Visit Data/Field Pictures/20_2026-04-09_11-11-17.HEIC,0.0,exact_image_match
2026-04-09 11:11:39,436.0,2.1041819,21.0,21_2026-04-09_11-11-39.HEIC,2026-04-09 11:11:39,filename_timestamp,/Users/erumhassan/Library/CloudStorage/OneDrive-UniversityofOklahoma/Caddo Nation Field Survey - Documents/Wells/W16/Field Visit Data/Field Pictures/21_2026-04-09_11-11-39.HEIC,0.0,,,,,,,,,,,,,,,436.0,2.1041819,True,False,matched_image_only,21_2026-04-09_11-11-39.HEIC,2026-04-09 11:11:39,/Users/erumhassan/Library/CloudStorage/OneDrive-UniversityofOklahoma/Caddo Nation Field Survey - Documents/Wells/W16/Field Visit Data/Field Pictures/21_2026-04-09_11-11-39.HEIC,0.0,exact_image_match
2026-04-09 11:11:42,439.0,2.1042002,22.0,22_2026-04-09_11-11-42.HEIC,2026-04-09 11:11:42,filename_timestamp,/Users/erumhassan/Library/CloudStorage/OneDrive-UniversityofOklahoma/Caddo Nation Field Survey - Documents/Wells/W16/Field Visit Data/Field Pictures/22_2026-04-09_11-11-42.HEIC,0.0,,,,,,,,,,,,,,,439.0,2.1042002,True,False,matched_image_only,22_2026-04-09_11-11-42.HEIC,2026-04-09 11:11:42,/Users/erumhassan/Library/CloudStorage/OneDrive-UniversityofOklahoma/Caddo Nation Field Survey - Documents/Wells/W16/Field Visit Data/Field Pictures/22_2026-04-09_11-11-42.HEIC,0.0,exact_image_match
2026-04-09 11:11:44,441.0,2.1042815,23.0,23_2026-04-09_11-11-44.HEIC,2026-04-09 11:11:44,filename_timestamp,/Users/erumhassan/Library/CloudStorage/OneDrive-UniversityofOklahoma/Caddo Nation Field Survey - Documents/Wells/W16/Field Visit Data/Field Pictures/23_2026-04-09_11-11-44.HEIC,0.0,,,,,,,,,,,,,,,441.0,2.1042815,True,False,matched_image_only,23_2026-04-09_11-11-44.HEIC,2026-04-09 11:11:44,/Users/erumhassan/Library/CloudStorage/OneDrive-UniversityofOklahoma/Caddo Nation Field Survey - Documents/Wells/W16/Field Visit Data/Field Pictures/23_2026-04-09_11-11-44.HEIC,0.0,exact_image_match
2026-04-09 11:12:54,,,,,,,,,511.0,2.3986457999999997,55.0,0.28203129999999943,2.3986457999999997,False,24.0,24_2026-04-09_11-13-19.HEIC,2026-04-09 11:13:19,filename_timestamp,/Users/erumhassan/Library/CloudStorage/OneDrive-UniversityofOklahoma/Caddo Nation Field Survey - Documents/Wells/W16/Field Visit Data/Field Pictures/24_2026-04-09_11-13-19.HEIC,25.0,25.0,after,511.0,2.3986457999999997,False,True,peak_only,24_2026-04-09_11-13-19.HEIC,2026-04-09 11:13:19,/Users/erumhassan/Library/CloudStorage/OneDrive-UniversityofOklahoma/Caddo Nation Field Survey - Documents/Wells/W16/Field Visit Data/Field Pictures/24_2026-04-09_11-13-19.HEIC,25.0,nearest_peak_image
2026-04-09 11:13:05,,,,,,,,,522.0,2.7005896,39.0,0.5768958,2.7005896,False,24.0,24_2026-04-09_11-13-19.HEIC,2026-04-09 11:13:19,filename_timestamp,/Users/erumhassan/Library/CloudStorage/OneDrive-UniversityofOklahoma/Caddo Nation Field Survey - Documents/Wells/W16/Field Visit Data/Field Pictures/24_2026-04-09_11-13-19.HEIC,14.0,14.0,after,522.0,2.7005896,False,True,peak_only,24_2026-04-09_11-13-19.HEIC,2026-04-09 11:13:19,/Users/erumhassan/Library/CloudStorage/OneDrive-UniversityofOklahoma/Caddo Nation Field Survey - Documents/Wells/W16/Field Visit Data/Field Pictures/24_2026-04-09_11-13-19.HEIC,14.0,nearest_peak_image
2026-04-09 11:13:10,,,,,,,,,527.0,2.5086184,47.0,0.3638710999999999,2.5086184,False,24.0,24_2026-04-09_11-13-19.HEIC,2026-04-09 11:13:19,filename_timestamp,/Users/erumhassan/Library/CloudStorage/OneDrive-UniversityofOklahoma/Caddo Nation Field Survey - Documents/Wells/W16/Field Visit Data/Field Pictures/24_2026-04-09_11-13-19.HEIC,9.0,9.0,after,527.0,2.5086184,False,True,peak_only,24_2026-04-09_11-13-19.HEIC,2026-04-09 11:13:19,/Users/erumhassan/Library/CloudStorage/OneDrive-UniversityofOklahoma/Caddo Nation Field Survey - Documents/Wells/W16/Field Visit Data/Field Pictures/24_2026-04-09_11-13-19.HEIC,9.0,nearest_peak_image
2026-04-09 11:13:19,536.0,2.3913772,24.0,24_2026-04-09_11-13-19.HEIC,2026-04-09 11:13:19,filename_timestamp,/Users/erumhassan/Library/CloudStorage/OneDrive-UniversityofOklahoma/Caddo Nation Field Survey - Documents/Wells/W16/Field Visit Data/Field Pictures/24_2026-04-09_11-13-19.HEIC,0.0,,,,,,,,,,,,,,,536.0,2.3913772,True,False,matched_image_only,24_2026-04-09_11-13-19.HEIC,2026-04-09 11:13:19,/Users/erumhassan/Library/CloudStorage/OneDrive-UniversityofOklahoma/Caddo Nation Field Survey - Documents/Wells/W16/Field Visit Data/Field Pictures/24_2026-04-09_11-13-19.HEIC,0.0,exact_image_match
2026-04-09 11:13:20,,,,,,,,,537.0,2.6824192,41.0,0.4266848000000003,2.6824192,False,24.0,24_2026-04-09_11-13-19.HEIC,2026-04-09 11:13:19,filename_timestamp,/Users/erumhassan/Library/CloudStorage/OneDrive-UniversityofOklahoma/Caddo Nation Field Survey - Documents/Wells/W16/Field Visit Data/Field Pictures/24_2026-04-09_11-13-19.HEIC,-1.0,1.0,before,537.0,2.6824192,False,True,peak_only,24_2026-04-09_11-13-19.HEIC,2026-04-09 11:13:19,/Users/erumhassan/Library/CloudStorage/OneDrive-UniversityofOklahoma/Caddo Nation Field Survey - Documents/Wells/W16/Field Visit Data/Field Pictures/24_2026-04-09_11-13-19.HEIC,-1.0,nearest_peak_image
2026-04-09 11:13:22,539.0,2.5294879999999997,25.0,25_2026-04-09_11-13-22.HEIC,2026-04-09 11:13:22,filename_timestamp,/Users/erumhassan/Library/CloudStorage/OneDrive-UniversityofOklahoma/Caddo Nation Field Survey - Documents/Wells/W16/Field Visit Data/Field Pictures/25_2026-04-09_11-13-22.HEIC,0.0,,,,,,,,,,,,,,,539.0,2.5294879999999997,True,False,matched_image_only,25_2026-04-09_11-13-22.HEIC,2026-04-09 11:13:22,/Users/erumhassan/Library/CloudStorage/OneDrive-UniversityofOklahoma/Caddo Nation Field Survey - Documents/Wells/W16/Field Visit Data/Field Pictures/25_2026-04-09_11-13-22.HEIC,0.0,exact_image_match
2026-04-09 11:13:24,541.0,2.370345,26.0,26_2026-04-09_11-13-24.HEIC,2026-04-09 11:13:24,filename_timestamp,/Users/erumhassan/Library/CloudStorage/OneDrive-UniversityofOklahoma/Caddo Nation Field Survey - Documents/Wells/W16/Field Visit Data/Field Pictures/26_2026-04-09_11-13-24.HEIC,0.0,,,,,,,,,,,,,,,541.0,2.370345,True,False,matched_image_only,26_2026-04-09_11-13-24.HEIC,2026-04-09 11:13:24,/Users/erumhassan/Library/CloudStorage/OneDrive-UniversityofOklahoma/Caddo Nation Field Survey - Documents/Wells/W16/Field Visit Data/Field Pictures/26_2026-04-09_11-13-24.HEIC,0.0,exact_image_match
2026-04-09 11:13:28,,,,,,,,,545.0,2.88227,34.0,0.6288825000000005,2.88227,False,27.0,27_2026-04-09_11-13-29.HEIC,2026-04-09 11:13:29,filename_timestamp,/Users/erumhassan/Library/CloudStorage/OneDrive-UniversityofOklahoma/Caddo Nation Field Survey - Documents/Wells/W16/Field Visit Data/Field Pictures/27_2026-04-09_11-13-29.HEIC,1.0,1.0,after,545.0,2.88227,False,True,peak_only,27_2026-04-09_11-13-29.HEIC,2026-04-09 11:13:29,/Users/erumhassan/Library/CloudStorage/OneDrive-UniversityofOklahoma/Caddo Nation Field Survey - Documents/Wells/W16/Field Visit Data/Field Pictures/27_2026-04-09_11-13-29.HEIC,1.0,nearest_peak_image
2026-04-09 11:13:29,546.0,2.3414585000000003,27.0,27_2026-04-09_11-13-29.HEIC,2026-04-09 11:13:29,filename_timestamp,/Users/erumhassan/Library/CloudStorage/OneDrive-UniversityofOklahoma/Caddo Nation Field Survey - Documents/Wells/W16/Field Visit Data/Field Pictures/27_2026-04-09_11-13-29.HEIC,0.0,,,,,,,,,,,,,,,546.0,2.3414585000000003,True,False,matched_image_only,27_2026-04-09_11-13-29.HEIC,2026-04-09 11:13:29,/Users/erumhassan/Library/CloudStorage/OneDrive-UniversityofOklahoma/Caddo Nation Field Survey - Documents/Wells/W16/Field Visit Data/Field Pictures/27_2026-04-09_11-13-29.HEIC,0.0,exact_image_match
2026-04-09 11:13:32,,,,,,,,,549.0,2.8857019,32.0,0.7729207000000002,2.8857019,False,28.0,28_2026-04-09_11-13-33.HEIC,2026-04-09 11:13:33,filename_timestamp,/Users/erumhassan/Library/CloudStorage/OneDrive-UniversityofOklahoma/Caddo Nation Field Survey - Documents/Wells/W16/Field Visit Data/Field Pictures/28_2026-04-09_11-13-33.HEIC,1.0,1.0,after,549.0,2.8857019,False,True,peak_only,28_2026-04-09_11-13-33.HEIC,2026-04-09 11:13:33,/Users/erumhassan/Library/CloudStorage/OneDrive-UniversityofOklahoma/Caddo Nation Field Survey - Documents/Wells/W16/Field Visit Data/Field Pictures/28_2026-04-09_11-13-33.HEIC,1.0,nearest_peak_image
2026-04-09 11:13:33,550.0,2.3812527,28.0,28_2026-04-09_11-13-33.HEIC,2026-04-09 11:13:33,filename_timestamp,/Users/erumhassan/Library/CloudStorage/OneDrive-UniversityofOklahoma/Caddo Nation Field Survey - Documents/Wells/W16/Field Visit Data/Field Pictures/28_2026-04-09_11-13-33.HEIC,0.0,,,,,,,,,,,,,,,550.0,2.3812527,True,False,matched_image_only,28_2026-04-09_11-13-33.HEIC,2026-04-09 11:13:33,/Users/erumhassan/Library/CloudStorage/OneDrive-UniversityofOklahoma/Caddo Nation Field Survey - Documents/Wells/W16/Field Visit Data/Field Pictures/28_2026-04-09_11-13-33.HEIC,0.0,exact_image_match
2026-04-09 11:13:34,551.0,2.1840032000000003,29.0,29_2026-04-09_11-13-34.HEIC,2026-04-09 11:13:34,filename_timestamp,/Users/erumhassan/Library/CloudStorage/OneDrive-UniversityofOklahoma/Caddo Nation Field Survey - Documents/Wells/W16/Field Visit Data/Field Pictures/29_2026-04-09_11-13-34.HEIC,0.0,,,,,,,,,,,,,,,551.0,2.1840032000000003,True,False,matched_image_only,29_2026-04-09_11-13-34.HEIC,2026-04-09 11:13:34,/Users/erumhassan/Library/CloudStorage/OneDrive-UniversityofOklahoma/Caddo Nation Field Survey - Documents/Wells/W16/Field Visit Data/Field Pictures/29_2026-04-09_11-13-34.HEIC,0.0,exact_image_match
2026-04-09 11:13:36,,,,,,,,,553.0,2.47373,52.0,0.28972679999999995,2.47373,False,29.0,29_2026-04-09_11-13-34.HEIC,2026-04-09 11:13:34,filename_timestamp,/Users/erumhassan/Library/CloudStorage/OneDrive-UniversityofOklahoma/Caddo Nation Field Survey - Documents/Wells/W16/Field Visit Data/Field Pictures/29_2026-04-09_11-13-34.HEIC,-2.0,2.0,before,553.0,2.47373,False,True,peak_only,29_2026-04-09_11-13-34.HEIC,2026-04-09 11:13:34,/Users/erumhassan/Library/CloudStorage/OneDrive-UniversityofOklahoma/Caddo Nation Field Survey - Documents/Wells/W16/Field Visit Data/Field Pictures/29_2026-04-09_11-13-34.HEIC,-2.0,nearest_peak_image
2026-04-09 11:13:40,,,,,,,,,557.0,2.3043181,66.0,0.08614990000000011,2.3043181,False,29.0,29_2026-04-09_11-13-34.HEIC,2026-04-09 11:13:34,filename_timestamp,/Users/erumhassan/Library/CloudStorage/OneDrive-UniversityofOklahoma/Caddo Nation Field Survey - Documents/Wells/W16/Field Visit Data/Field Pictures/29_2026-04-09_11-13-34.HEIC,-6.0,6.0,before,557.0,2.3043181,False,True,peak_only,29_2026-04-09_11-13-34.HEIC,2026-04-09 11:13:34,/Users/erumhassan/Library/CloudStorage/OneDrive-UniversityofOklahoma/Caddo Nation Field Survey - Documents/Wells/W16/Field Visit Data/Field Pictures/29_2026-04-09_11-13-34.HEIC,-6.0,nearest_peak_image
2026-04-09 11:13:47,,,,,,,,,564.0,2.3594795,59.0,0.20209199999999994,2.3594795,False,29.0,29_2026-04-09_11-13-34.HEIC,2026-04-09 11:13:34,filename_timestamp,/Users/erumhassan/Library/CloudStorage/OneDrive-UniversityofOklahoma/Caddo Nation Field Survey - Documents/Wells/W16/Field Visit Data/Field Pictures/29_2026-04-09_11-13-34.HEIC,-13.0,13.0,before,564.0,2.3594795,False,True,peak_only,29_2026-04-09_11-13-34.HEIC,2026-04-09 11:13:34,/Users/erumhassan/Library/CloudStorage/OneDrive-UniversityofOklahoma/Caddo Nation Field Survey - Documents/Wells/W16/Field Visit Data/Field Pictures/29_2026-04-09_11-13-34.HEIC,-13.0,nearest_peak_image
2026-04-09 11:13:52,,,,,,,,,569.0,2.7052854,38.0,0.5835479000000001,2.7052854,False,29.0,29_2026-04-09_11-13-34.HEIC,2026-04-09 11:13:34,filename_timestamp,/Users/erumhassan/Library/CloudStorage/OneDrive-UniversityofOklahoma/Caddo Nation Field Survey - Documents/Wells/W16/Field Visit Data/Field Pictures/29_2026-04-09_11-13-34.HEIC,-18.0,18.0,before,569.0,2.7052854,False,True,peak_only,29_2026-04-09_11-13-34.HEIC,2026-04-09 11:13:34,/Users/erumhassan/Library/CloudStorage/OneDrive-UniversityofOklahoma/Caddo Nation Field Survey - Documents/Wells/W16/Field Visit Data/Field Pictures/29_2026-04-09_11-13-34.HEIC,-18.0,nearest_peak_image
2026-04-09 11:14:04,,,,,,,,,581.0,2.6329524,42.0,0.4190381000000003,2.6329524,False,29.0,29_2026-04-09_11-13-34.HEIC,2026-04-09 11:13:34,filename_timestamp,/Users/erumhassan/Library/CloudStorage/OneDrive-UniversityofOklahoma/Caddo Nation Field Survey - Documents/Wells/W16/Field Visit Data/Field Pictures/29_2026-04-09_11-13-34.HEIC,-30.0,30.0,before,581.0,2.6329524,False,True,peak_only,29_2026-04-09_11-13-34.HEIC,2026-04-09 11:13:34,/Users/erumhassan/Library/CloudStorage/OneDrive-UniversityofOklahoma/Caddo Nation Field Survey - Documents/Wells/W16/Field Visit Data/Field Pictures/29_2026-04-09_11-13-34.HEIC,-30.0,nearest_peak_image
2026-04-09 11:14:09,,,,,,,,,586.0,2.8361985,36.0,0.20101879999999994,2.8361985,False,29.0,29_2026-04-09_11-13-34.HEIC,2026-04-09 11:13:34,filename_timestamp,/Users/erumhassan/Library/CloudStorage/OneDrive-UniversityofOklahoma/Caddo Nation Field Survey - Documents/Wells/W16/Field Visit Data/Field Pictures/29_2026-04-09_11-13-34.HEIC,-35.0,35.0,before,586.0,2.8361985,False,True,peak_only,29_2026-04-09_11-13-34.HEIC,2026-04-09 11:13:34,/Users/erumhassan/Library/CloudStorage/OneDrive-UniversityofOklahoma/Caddo Nation Field Survey - Documents/Wells/W16/Field Visit Data/Field Pictures/29_2026-04-09_11-13-34.HEIC,-35.0,nearest_peak_image
2026-04-09 11:14:11,,,,,,,,,588.0,2.8511152,35.0,0.6783906000000002,2.8511152,False,29.0,29_2026-04-09_11-13-34.HEIC,2026-04-09 11:13:34,filename_timestamp,/Users/erumhassan/Library/CloudStorage/OneDrive-UniversityofOklahoma/Caddo Nation Field Survey - Documents/Wells/W16/Field Visit Data/Field Pictures/29_2026-04-09_11-13-34.HEIC,-37.0,37.0,before,588.0,2.8511152,False,True,peak_only,29_2026-04-09_11-13-34.HEIC,2026-04-09 11:13:34,/Users/erumhassan/Library/CloudStorage/OneDrive-UniversityofOklahoma/Caddo Nation Field Survey - Documents/Wells/W16/Field Visit Data/Field Pictures/29_2026-04-09_11-13-34.HEIC,-37.0,nearest_peak_image
2026-04-09 11:14:14,,,,,,,,,591.0,2.4965359,49.0,0.09520950000000017,2.4965359,False,29.0,29_2026-04-09_11-13-34.HEIC,2026-04-09 11:13:34,filename_timestamp,/Users/erumhassan/Library/CloudStorage/OneDrive-UniversityofOklahoma/Caddo Nation Field Survey - Documents/Wells/W16/Field Visit Data/Field Pictures/29_2026-04-09_11-13-34.HEIC,-40.0,40.0,before,591.0,2.4965359,False,True,peak_only,29_2026-04-09_11-13-34.HEIC,2026-04-09 11:13:34,/Users/erumhassan/Library/CloudStorage/OneDrive-UniversityofOklahoma/Caddo Nation Field Survey - Documents/Wells/W16/Field Visit Data/Field Pictures/29_2026-04-09_11-13-34.HEIC,-40.0,nearest_peak_image
2026-04-09 11:14:19,,,,,,,,,596.0,4.3695166,19.0,2.2670495999999996,4.3695166,False,29.0,29_2026-04-09_11-13-34.HEIC,2026-04-09 11:13:34,filename_timestamp,/Users/erumhassan/Library/CloudStorage/OneDrive-UniversityofOklahoma/Caddo Nation Field Survey - Documents/Wells/W16/Field Visit Data/Field Pictures/29_2026-04-09_11-13-34.HEIC,-45.0,45.0,before,596.0,4.3695166,False,True,peak_only,29_2026-04-09_11-13-34.HEIC,2026-04-09 11:13:34,/Users/erumhassan/Library/CloudStorage/OneDrive-UniversityofOklahoma/Caddo Nation Field Survey - Documents/Wells/W16/Field Visit Data/Field Pictures/29_2026-04-09_11-13-34.HEIC,-45.0,nearest_peak_image
2026-04-09 11:14:23,,,,,,,,,600.0,2.4918118,50.0,0.21194049999999987,2.4918118,False,29.0,29_2026-04-09_11-13-34.HEIC,2026-04-09 11:13:34,filename_timestamp,/Users/erumhassan/Library/CloudStorage/OneDrive-UniversityofOklahoma/Caddo Nation Field Survey - Documents/Wells/W16/Field Visit Data/Field Pictures/29_2026-04-09_11-13-34.HEIC,-49.0,49.0,before,600.0,2.4918118,False,True,peak_only,29_2026-04-09_11-13-34.HEIC,2026-04-09 11:13:34,/Users/erumhassan/Library/CloudStorage/OneDrive-UniversityofOklahoma/Caddo Nation Field Survey - Documents/Wells/W16/Field Visit Data/Field Pictures/29_2026-04-09_11-13-34.HEIC,-49.0,nearest_peak_image
2026-04-09 11:14:27,,,,,,,,,604.0,2.5485637000000003,45.0,0.29705490000000045,2.5485637000000003,False,29.0,29_2026-04-09_11-13-34.HEIC,2026-04-09 11:13:34,filename_timestamp,/Users/erumhassan/Library/CloudStorage/OneDrive-UniversityofOklahoma/Caddo Nation Field Survey - Documents/Wells/W16/Field Visit Data/Field Pictures/29_2026-04-09_11-13-34.HEIC,-53.0,53.0,before,604.0,2.5485637000000003,False,True,peak_only,29_2026-04-09_11-13-34.HEIC,2026-04-09 11:13:34,/Users/erumhassan/Library/CloudStorage/OneDrive-UniversityofOklahoma/Caddo Nation Field Survey - Documents/Wells/W16/Field Visit Data/Field Pictures/29_2026-04-09_11-13-34.HEIC,-53.0,nearest_peak_image
2026-04-09 11:14:35,,,,,,,,,612.0,2.1747158,89.0,0.05458199999999991,2.1747158,False,30.0,30_2026-04-09_11-15-26.HEIC,2026-04-09 11:15:26,filename_timestamp,/Users/erumhassan/Library/CloudStorage/OneDrive-UniversityofOklahoma/Caddo Nation Field Survey - Documents/Wells/W16/Field Visit Data/Field Pictures/30_2026-04-09_11-15-26.HEIC,51.0,51.0,after,612.0,2.1747158,False,True,peak_only,30_2026-04-09_11-15-26.HEIC,2026-04-09 11:15:26,/Users/erumhassan/Library/CloudStorage/OneDrive-UniversityofOklahoma/Caddo Nation Field Survey - Documents/Wells/W16/Field Visit Data/Field Pictures/30_2026-04-09_11-15-26.HEIC,51.0,nearest_peak_image
2026-04-09 11:14:47,,,,,,,,,624.0,2.3200344,64.0,0.20245159999999984,2.3200344,False,30.0,30_2026-04-09_11-15-26.HEIC,2026-04-09 11:15:26,filename_timestamp,/Users/erumhassan/Library/CloudStorage/OneDrive-UniversityofOklahoma/Caddo Nation Field Survey - Documents/Wells/W16/Field Visit Data/Field Pictures/30_2026-04-09_11-15-26.HEIC,39.0,39.0,after,624.0,2.3200344,False,True,peak_only,30_2026-04-09_11-15-26.HEIC,2026-04-09 11:15:26,/Users/erumhassan/Library/CloudStorage/OneDrive-UniversityofOklahoma/Caddo Nation Field Survey - Documents/Wells/W16/Field Visit Data/Field Pictures/30_2026-04-09_11-15-26.HEIC,39.0,nearest_peak_image
2026-04-09 11:15:12,,,,,,,,,649.0,2.3445039000000003,62.0,0.19708670000000028,2.3445039000000003,False,30.0,30_2026-04-09_11-15-26.HEIC,2026-04-09 11:15:26,filename_timestamp,/Users/erumhassan/Library/CloudStorage/OneDrive-UniversityofOklahoma/Caddo Nation Field Survey - Documents/Wells/W16/Field Visit Data/Field Pictures/30_2026-04-09_11-15-26.HEIC,14.0,14.0,after,649.0,2.3445039000000003,False,True,peak_only,30_2026-04-09_11-15-26.HEIC,2026-04-09 11:15:26,/Users/erumhassan/Library/CloudStorage/OneDrive-UniversityofOklahoma/Caddo Nation Field Survey - Documents/Wells/W16/Field Visit Data/Field Pictures/30_2026-04-09_11-15-26.HEIC,14.0,nearest_peak_image
2026-04-09 11:15:22,,,,,,,,,659.0,2.6864258,40.0,0.5821673,2.6864258,False,30.0,30_2026-04-09_11-15-26.HEIC,2026-04-09 11:15:26,filename_timestamp,/Users/erumhassan/Library/CloudStorage/OneDrive-UniversityofOklahoma/Caddo Nation Field Survey - Documents/Wells/W16/Field Visit Data/Field Pictures/30_2026-04-09_11-15-26.HEIC,4.0,4.0,after,659.0,2.6864258,False,True,peak_only,30_2026-04-09_11-15-26.HEIC,2026-04-09 11:15:26,/Users/erumhassan/Library/CloudStorage/OneDrive-UniversityofOklahoma/Caddo Nation Field Survey - Documents/Wells/W16/Field Visit Data/Field Pictures/30_2026-04-09_11-15-26.HEIC,4.0,nearest_peak_image
2026-04-09 11:15:26,663.0,2.1338352,30.0,30_2026-04-09_11-15-26.HEIC,2026-04-09 11:15:26,filename_timestamp,/Users/erumhassan/Library/CloudStorage/OneDrive-UniversityofOklahoma/Caddo Nation Field Survey - Documents/Wells/W16/Field Visit Data/Field Pictures/30_2026-04-09_11-15-26.HEIC,0.0,,,,,,,,,,,,,,,663.0,2.1338352,True,False,matched_image_only,30_2026-04-09_11-15-26.HEIC,2026-04-09 11:15:26,/Users/erumhassan/Library/CloudStorage/OneDrive-UniversityofOklahoma/Caddo Nation Field Survey - Documents/Wells/W16/Field Visit Data/Field Pictures/30_2026-04-09_11-15-26.HEIC,0.0,exact_image_match
2026-04-09 11:15:36,,,,,,,,,673.0,2.374177,57.0,0.07171949999999994,2.374177,False,30.0,30_2026-04-09_11-15-26.HEIC,2026-04-09 11:15:26,filename_timestamp,/Users/erumhassan/Library/CloudStorage/OneDrive-UniversityofOklahoma/Caddo Nation Field Survey - Documents/Wells/W16/Field Visit Data/Field Pictures/30_2026-04-09_11-15-26.HEIC,-10.0,10.0,before,673.0,2.374177,False,True,peak_only,30_2026-04-09_11-15-26.HEIC,2026-04-09 11:15:26,/Users/erumhassan/Library/CloudStorage/OneDrive-UniversityofOklahoma/Caddo Nation Field Survey - Documents/Wells/W16/Field Visit Data/Field Pictures/30_2026-04-09_11-15-26.HEIC,-10.0,nearest_peak_image
2026-04-09 11:15:38,,,,,,,,,675.0,2.4984348,48.0,0.3940585999999997,2.4984348,False,30.0,30_2026-04-09_11-15-26.HEIC,2026-04-09 11:15:26,filename_timestamp,/Users/erumhassan/Library/CloudStorage/OneDrive-UniversityofOklahoma/Caddo Nation Field Survey - Documents/Wells/W16/Field Visit Data/Field Pictures/30_2026-04-09_11-15-26.HEIC,-12.0,12.0,before,675.0,2.4984348,False,True,peak_only,30_2026-04-09_11-15-26.HEIC,2026-04-09 11:15:26,/Users/erumhassan/Library/CloudStorage/OneDrive-UniversityofOklahoma/Caddo Nation Field Survey - Documents/Wells/W16/Field Visit Data/Field Pictures/30_2026-04-09_11-15-26.HEIC,-12.0,nearest_peak_image
2026-04-09 11:15:43,,,,,,,,,680.0,2.4762366,51.0,0.30574270000000014,2.4762366,False,30.0,30_2026-04-09_11-15-26.HEIC,2026-04-09 11:15:26,filename_timestamp,/Users/erumhassan/Library/CloudStorage/OneDrive-UniversityofOklahoma/Caddo Nation Field Survey - Documents/Wells/W16/Field Visit Data/Field Pictures/30_2026-04-09_11-15-26.HEIC,-17.0,17.0,before,680.0,2.4762366,False,True,peak_only,30_2026-04-09_11-15-26.HEIC,2026-04-09 11:15:26,/Users/erumhassan/Library/CloudStorage/OneDrive-UniversityofOklahoma/Caddo Nation Field Survey - Documents/Wells/W16/Field Visit Data/Field Pictures/30_2026-04-09_11-15-26.HEIC,-17.0,nearest_peak_image
2026-04-09 11:15:47,,,,,,,,,684.0,2.3768474,56.0,0.11101219999999978,2.3768474,False,30.0,30_2026-04-09_11-15-26.HEIC,2026-04-09 11:15:26,filename_timestamp,/Users/erumhassan/Library/CloudStorage/OneDrive-UniversityofOklahoma/Caddo Nation Field Survey - Documents/Wells/W16/Field Visit Data/Field Pictures/30_2026-04-09_11-15-26.HEIC,-21.0,21.0,before,684.0,2.3768474,False,True,peak_only,30_2026-04-09_11-15-26.HEIC,2026-04-09 11:15:26,/Users/erumhassan/Library/CloudStorage/OneDrive-UniversityofOklahoma/Caddo Nation Field Survey - Documents/Wells/W16/Field Visit Data/Field Pictures/30_2026-04-09_11-15-26.HEIC,-21.0,nearest_peak_image
2026-04-09 11:15:52,,,,,,,,,689.0,2.2393323,73.0,0.05078840000000007,2.2393323,False,30.0,30_2026-04-09_11-15-26.HEIC,2026-04-09 11:15:26,filename_timestamp,/Users/erumhassan/Library/CloudStorage/OneDrive-UniversityofOklahoma/Caddo Nation Field Survey - Documents/Wells/W16/Field Visit Data/Field Pictures/30_2026-04-09_11-15-26.HEIC,-26.0,26.0,before,689.0,2.2393323,False,True,peak_only,30_2026-04-09_11-15-26.HEIC,2026-04-09 11:15:26,/Users/erumhassan/Library/CloudStorage/OneDrive-UniversityofOklahoma/Caddo Nation Field Survey - Documents/Wells/W16/Field Visit Data/Field Pictures/30_2026-04-09_11-15-26.HEIC,-26.0,nearest_peak_image
2026-04-09 11:16:12,,,,,,,,,709.0,2.4259009000000002,53.0,0.32044070000000024,2.4259009000000002,False,30.0,30_2026-04-09_11-15-26.HEIC,2026-04-09 11:15:26,filename_timestamp,/Users/erumhassan/Library/CloudStorage/OneDrive-UniversityofOklahoma/Caddo Nation Field Survey - Documents/Wells/W16/Field Visit Data/Field Pictures/30_2026-04-09_11-15-26.HEIC,-46.0,46.0,before,709.0,2.4259009000000002,False,True,peak_only,30_2026-04-09_11-15-26.HEIC,2026-04-09 11:15:26,/Users/erumhassan/Library/CloudStorage/OneDrive-UniversityofOklahoma/Caddo Nation Field Survey - Documents/Wells/W16/Field Visit Data/Field Pictures/30_2026-04-09_11-15-26.HEIC,-46.0,nearest_peak_image
2026-04-09 11:16:27,,,,,,,,,724.0,2.5578872,43.0,0.45526219999999995,2.5578872,False,30.0,30_2026-04-09_11-15-26.HEIC,2026-04-09 11:15:26,filename_timestamp,/Users/erumhassan/Library/CloudStorage/OneDrive-UniversityofOklahoma/Caddo Nation Field Survey - Documents/Wells/W16/Field Visit Data/Field Pictures/30_2026-04-09_11-15-26.HEIC,-61.0,61.0,before,724.0,2.5578872,False,True,peak_only,30_2026-04-09_11-15-26.HEIC,2026-04-09 11:15:26,/Users/erumhassan/Library/CloudStorage/OneDrive-UniversityofOklahoma/Caddo Nation Field Survey - Documents/Wells/W16/Field Visit Data/Field Pictures/30_2026-04-09_11-15-26.HEIC,-61.0,nearest_peak_image
2026-04-09 11:16:35,,,,,,,,,732.0,2.2451226,72.0,0.1298455000000005,2.2451226,False,30.0,30_2026-04-09_11-15-26.HEIC,2026-04-09 11:15:26,filename_timestamp,/Users/erumhassan/Library/CloudStorage/OneDrive-UniversityofOklahoma/Caddo Nation Field Survey - Documents/Wells/W16/Field Visit Data/Field Pictures/30_2026-04-09_11-15-26.HEIC,-69.0,69.0,before,732.0,2.2451226,False,True,peak_only,30_2026-04-09_11-15-26.HEIC,2026-04-09 11:15:26,/Users/erumhassan/Library/CloudStorage/OneDrive-UniversityofOklahoma/Caddo Nation Field Survey - Documents/Wells/W16/Field Visit Data/Field Pictures/30_2026-04-09_11-15-26.HEIC,-69.0,nearest_peak_image
2026-04-09 11:16:57,,,,,,,,,754.0,2.3554778,60.0,0.2436575000000003,2.3554778,False,30.0,30_2026-04-09_11-15-26.HEIC,2026-04-09 11:15:26,filename_timestamp,/Users/erumhassan/Library/CloudStorage/OneDrive-UniversityofOklahoma/Caddo Nation Field Survey - Documents/Wells/W16/Field Visit Data/Field Pictures/30_2026-04-09_11-15-26.HEIC,-91.0,91.0,before,754.0,2.3554778,False,True,peak_only,30_2026-04-09_11-15-26.HEIC,2026-04-09 11:15:26,/Users/erumhassan/Library/CloudStorage/OneDrive-UniversityofOklahoma/Caddo Nation Field Survey - Documents/Wells/W16/Field Visit Data/Field Pictures/30_2026-04-09_11-15-26.HEIC,-91.0,nearest_peak_image
2026-04-09 11:17:04,,,,,,,,,761.0,2.3106206,65.0,0.1299535999999999,2.3106206,False,31.0,31_2026-04-09_11-18-39.HEIC,2026-04-09 11:18:39,filename_timestamp,/Users/erumhassan/Library/CloudStorage/OneDrive-UniversityofOklahoma/Caddo Nation Field Survey - Documents/Wells/W16/Field Visit Data/Field Pictures/31_2026-04-09_11-18-39.HEIC,95.0,95.0,after,761.0,2.3106206,False,True,peak_only,31_2026-04-09_11-18-39.HEIC,2026-04-09 11:18:39,/Users/erumhassan/Library/CloudStorage/OneDrive-UniversityofOklahoma/Caddo Nation Field Survey - Documents/Wells/W16/Field Visit Data/Field Pictures/31_2026-04-09_11-18-39.HEIC,95.0,nearest_peak_image
2026-04-09 11:17:08,,,,,,,,,765.0,2.3462019,61.0,0.16891109999999987,2.3462019,False,31.0,31_2026-04-09_11-18-39.HEIC,2026-04-09 11:18:39,filename_timestamp,/Users/erumhassan/Library/CloudStorage/OneDrive-UniversityofOklahoma/Caddo Nation Field Survey - Documents/Wells/W16/Field Visit Data/Field Pictures/31_2026-04-09_11-18-39.HEIC,91.0,91.0,after,765.0,2.3462019,False,True,peak_only,31_2026-04-09_11-18-39.HEIC,2026-04-09 11:18:39,/Users/erumhassan/Library/CloudStorage/OneDrive-UniversityofOklahoma/Caddo Nation Field Survey - Documents/Wells/W16/Field Visit Data/Field Pictures/31_2026-04-09_11-18-39.HEIC,91.0,nearest_peak_image
2026-04-09 11:17:13,,,,,,,,,770.0,2.3698708,58.0,0.2582220999999998,2.3698708,False,31.0,31_2026-04-09_11-18-39.HEIC,2026-04-09 11:18:39,filename_timestamp,/Users/erumhassan/Library/CloudStorage/OneDrive-UniversityofOklahoma/Caddo Nation Field Survey - Documents/Wells/W16/Field Visit Data/Field Pictures/31_2026-04-09_11-18-39.HEIC,86.0,86.0,after,770.0,2.3698708,False,True,peak_only,31_2026-04-09_11-18-39.HEIC,2026-04-09 11:18:39,/Users/erumhassan/Library/CloudStorage/OneDrive-UniversityofOklahoma/Caddo Nation Field Survey - Documents/Wells/W16/Field Visit Data/Field Pictures/31_2026-04-09_11-18-39.HEIC,86.0,nearest_peak_image
2026-04-09 11:17:26,,,,,,,,,783.0,2.2139591999999997,78.0,0.1062596999999994,2.2139591999999997,False,31.0,31_2026-04-09_11-18-39.HEIC,2026-04-09 11:18:39,filename_timestamp,/Users/erumhassan/Library/CloudStorage/OneDrive-UniversityofOklahoma/Caddo Nation Field Survey - Documents/Wells/W16/Field Visit Data/Field Pictures/31_2026-04-09_11-18-39.HEIC,73.0,73.0,after,783.0,2.2139591999999997,False,True,peak_only,31_2026-04-09_11-18-39.HEIC,2026-04-09 11:18:39,/Users/erumhassan/Library/CloudStorage/OneDrive-UniversityofOklahoma/Caddo Nation Field Survey - Documents/Wells/W16/Field Visit Data/Field Pictures/31_2026-04-09_11-18-39.HEIC,73.0,nearest_peak_image
2026-04-09 11:17:52,,,,,,,,,809.0,2.4207322,54.0,0.3216203999999996,2.4207322,False,31.0,31_2026-04-09_11-18-39.HEIC,2026-04-09 11:18:39,filename_timestamp,/Users/erumhassan/Library/CloudStorage/OneDrive-UniversityofOklahoma/Caddo Nation Field Survey - Documents/Wells/W16/Field Visit Data/Field Pictures/31_2026-04-09_11-18-39.HEIC,47.0,47.0,after,809.0,2.4207322,False,True,peak_only,31_2026-04-09_11-18-39.HEIC,2026-04-09 11:18:39,/Users/erumhassan/Library/CloudStorage/OneDrive-UniversityofOklahoma/Caddo Nation Field Survey - Documents/Wells/W16/Field Visit Data/Field Pictures/31_2026-04-09_11-18-39.HEIC,47.0,nearest_peak_image
2026-04-09 11:18:15,,,,,,,,,832.0,2.1548393999999997,95.0,0.05395609999999973,2.1548393999999997,False,31.0,31_2026-04-09_11-18-39.HEIC,2026-04-09 11:18:39,filename_timestamp,/Users/erumhassan/Library/CloudStorage/OneDrive-UniversityofOklahoma/Caddo Nation Field Survey - Documents/Wells/W16/Field Visit Data/Field Pictures/31_2026-04-09_11-18-39.HEIC,24.0,24.0,after,832.0,2.1548393999999997,False,True,peak_only,31_2026-04-09_11-18-39.HEIC,2026-04-09 11:18:39,/Users/erumhassan/Library/CloudStorage/OneDrive-UniversityofOklahoma/Caddo Nation Field Survey - Documents/Wells/W16/Field Visit Data/Field Pictures/31_2026-04-09_11-18-39.HEIC,24.0,nearest_peak_image
2026-04-09 11:18:37,,,,,,,,,854.0,2.9232061,31.0,0.8248221,2.9232061,False,31.0,31_2026-04-09_11-18-39.HEIC,2026-04-09 11:18:39,filename_timestamp,/Users/erumhassan/Library/CloudStorage/OneDrive-UniversityofOklahoma/Caddo Nation Field Survey - Documents/Wells/W16/Field Visit Data/Field Pictures/31_2026-04-09_11-18-39.HEIC,2.0,2.0,after,854.0,2.9232061,False,True,peak_only,31_2026-04-09_11-18-39.HEIC,2026-04-09 11:18:39,/Users/erumhassan/Library/CloudStorage/OneDrive-UniversityofOklahoma/Caddo Nation Field Survey - Documents/Wells/W16/Field Visit Data/Field Pictures/31_2026-04-09_11-18-39.HEIC,2.0,nearest_peak_image
2026-04-09 11:18:39,856.0,2.2393047,31.0,31_2026-04-09_11-18-39.HEIC,2026-04-09 11:18:39,filename_timestamp,/Users/erumhassan/Library/CloudStorage/OneDrive-UniversityofOklahoma/Caddo Nation Field Survey - Documents/Wells/W16/Field Visit Data/Field Pictures/31_2026-04-09_11-18-39.HEIC,0.0,,,,,,,,,,,,,,,856.0,2.2393047,True,False,matched_image_only,31_2026-04-09_11-18-39.HEIC,2026-04-09 11:18:39,/Users/erumhassan/Library/CloudStorage/OneDrive-UniversityofOklahoma/Caddo Nation Field Survey - Documents/Wells/W16/Field Visit Data/Field Pictures/31_2026-04-09_11-18-39.HEIC,0.0,exact_image_match
2026-04-09 11:18:47,,,,,,,,,864.0,2.2139220999999996,79.0,0.07939479999999932,2.2139220999999996,False,31.0,31_2026-04-09_11-18-39.HEIC,2026-04-09 11:18:39,filename_timestamp,/Users/erumhassan/Library/CloudStorage/OneDrive-UniversityofOklahoma/Caddo Nation Field Survey - Documents/Wells/W16/Field Visit Data/Field Pictures/31_2026-04-09_11-18-39.HEIC,-8.0,8.0,before,864.0,2.2139220999999996,False,True,peak_only,31_2026-04-09_11-18-39.HEIC,2026-04-09 11:18:39,/Users/erumhassan/Library/CloudStorage/OneDrive-UniversityofOklahoma/Caddo Nation Field Survey - Documents/Wells/W16/Field Visit Data/Field Pictures/31_2026-04-09_11-18-39.HEIC,-8.0,nearest_peak_image
2026-04-09 11:18:58,875.0,2.103979,32.0,32_2026-04-09_11-18-58.HEIC,2026-04-09 11:18:58,filename_timestamp,/Users/erumhassan/Library/CloudStorage/OneDrive-UniversityofOklahoma/Caddo Nation Field Survey - Documents/Wells/W16/Field Visit Data/Field Pictures/32_2026-04-09_11-18-58.HEIC,0.0,,,,,,,,,,,,,,,875.0,2.103979,True,False,matched_image_only,32_2026-04-09_11-18-58.HEIC,2026-04-09 11:18:58,/Users/erumhassan/Library/CloudStorage/OneDrive-UniversityofOklahoma/Caddo Nation Field Survey - Documents/Wells/W16/Field Visit Data/Field Pictures/32_2026-04-09_11-18-58.HEIC,0.0,exact_image_match
2026-04-09 11:19:03,,,,,,,,,880.0,2.2288499,75.0,0.12777890000000003,2.2288499,False,32.0,32_2026-04-09_11-18-58.HEIC,2026-04-09 11:18:58,filename_timestamp,/Users/erumhassan/Library/CloudStorage/OneDrive-UniversityofOklahoma/Caddo Nation Field Survey - Documents/Wells/W16/Field Visit Data/Field Pictures/32_2026-04-09_11-18-58.HEIC,-5.0,5.0,before,880.0,2.2288499,False,True,peak_only,32_2026-04-09_11-18-58.HEIC,2026-04-09 11:18:58,/Users/erumhassan/Library/CloudStorage/OneDrive-UniversityofOklahoma/Caddo Nation Field Survey - Documents/Wells/W16/Field Visit Data/Field Pictures/32_2026-04-09_11-18-58.HEIC,-5.0,nearest_peak_image
2026-04-09 11:19:11,,,,,,,,,888.0,2.2253191,76.0,0.10631009999999996,2.2253191,False,33.0,33_2026-04-09_11-19-22.HEIC,2026-04-09 11:19:22,filename_timestamp,/Users/erumhassan/Library/CloudStorage/OneDrive-UniversityofOklahoma/Caddo Nation Field Survey - Documents/Wells/W16/Field Visit Data/Field Pictures/33_2026-04-09_11-19-22.HEIC,11.0,11.0,after,888.0,2.2253191,False,True,peak_only,33_2026-04-09_11-19-22.HEIC,2026-04-09 11:19:22,/Users/erumhassan/Library/CloudStorage/OneDrive-UniversityofOklahoma/Caddo Nation Field Survey - Documents/Wells/W16/Field Visit Data/Field Pictures/33_2026-04-09_11-19-22.HEIC,11.0,nearest_peak_image
2026-04-09 11:19:22,899.0,2.1072437,33.0,33_2026-04-09_11-19-22.HEIC,2026-04-09 11:19:22,filename_timestamp,/Users/erumhassan/Library/CloudStorage/OneDrive-UniversityofOklahoma/Caddo Nation Field Survey - Documents/Wells/W16/Field Visit Data/Field Pictures/33_2026-04-09_11-19-22.HEIC,0.0,,,,,,,,,,,,,,,899.0,2.1072437,True,False,matched_image_only,33_2026-04-09_11-19-22.HEIC,2026-04-09 11:19:22,/Users/erumhassan/Library/CloudStorage/OneDrive-UniversityofOklahoma/Caddo Nation Field Survey - Documents/Wells/W16/Field Visit Data/Field Pictures/33_2026-04-09_11-19-22.HEIC,0.0,exact_image_match
2026-04-09 11:19:25,,,,,,,,,902.0,2.2352898,74.0,0.13525680000000007,2.2352898,False,33.0,33_2026-04-09_11-19-22.HEIC,2026-04-09 11:19:22,filename_timestamp,/Users/erumhassan/Library/CloudStorage/OneDrive-UniversityofOklahoma/Caddo Nation Field Survey - Documents/Wells/W16/Field Visit Data/Field Pictures/33_2026-04-09_11-19-22.HEIC,-3.0,3.0,before,902.0,2.2352898,False,True,peak_only,33_2026-04-09_11-19-22.HEIC,2026-04-09 11:19:22,/Users/erumhassan/Library/CloudStorage/OneDrive-UniversityofOklahoma/Caddo Nation Field Survey - Documents/Wells/W16/Field Visit Data/Field Pictures/33_2026-04-09_11-19-22.HEIC,-3.0,nearest_peak_image
2026-04-09 11:19:42,,,,,,,,,919.0,2.1971079,82.0,0.09705759999999986,2.1971079,False,34.0,34_2026-04-09_11-19-43.HEIC,2026-04-09 11:19:43,filename_timestamp,/Users/erumhassan/Library/CloudStorage/OneDrive-UniversityofOklahoma/Caddo Nation Field Survey - Documents/Wells/W16/Field Visit Data/Field Pictures/34_2026-04-09_11-19-43.HEIC,1.0,1.0,after,919.0,2.1971079,False,True,peak_only,34_2026-04-09_11-19-43.HEIC,2026-04-09 11:19:43,/Users/erumhassan/Library/CloudStorage/OneDrive-UniversityofOklahoma/Caddo Nation Field Survey - Documents/Wells/W16/Field Visit Data/Field Pictures/34_2026-04-09_11-19-43.HEIC,1.0,nearest_peak_image
2026-04-09 11:19:43,920.0,2.1313394,34.0,34_2026-04-09_11-19-43.HEIC,2026-04-09 11:19:43,filename_timestamp,/Users/erumhassan/Library/CloudStorage/OneDrive-UniversityofOklahoma/Caddo Nation Field Survey - Documents/Wells/W16/Field Visit Data/Field Pictures/34_2026-04-09_11-19-43.HEIC,0.0,,,,,,,,,,,,,,,920.0,2.1313394,True,False,matched_image_only,34_2026-04-09_11-19-43.HEIC,2026-04-09 11:19:43,/Users/erumhassan/Library/CloudStorage/OneDrive-UniversityofOklahoma/Caddo Nation Field Survey - Documents/Wells/W16/Field Visit Data/Field Pictures/34_2026-04-09_11-19-43.HEIC,0.0,exact_image_match
2026-04-09 11:19:55,,,,,,,,,932.0,4.2171953,21.0,2.1190884,4.2171953,False,35.0,35_2026-04-09_11-19-57.HEIC,2026-04-09 11:19:57,filename_timestamp,/Users/erumhassan/Library/CloudStorage/OneDrive-UniversityofOklahoma/Caddo Nation Field Survey - Documents/Wells/W16/Field Visit Data/Field Pictures/35_2026-04-09_11-19-57.HEIC,2.0,2.0,after,932.0,4.2171953,False,True,peak_only,35_2026-04-09_11-19-57.HEIC,2026-04-09 11:19:57,/Users/erumhassan/Library/CloudStorage/OneDrive-UniversityofOklahoma/Caddo Nation Field Survey - Documents/Wells/W16/Field Visit Data/Field Pictures/35_2026-04-09_11-19-57.HEIC,2.0,nearest_peak_image
2026-04-09 11:19:57,934.0,2.3865789,35.0,35_2026-04-09_11-19-57.HEIC,2026-04-09 11:19:57,filename_timestamp,/Users/erumhassan/Library/CloudStorage/OneDrive-UniversityofOklahoma/Caddo Nation Field Survey - Documents/Wells/W16/Field Visit Data/Field Pictures/35_2026-04-09_11-19-57.HEIC,0.0,,,,,,,,,,,,,,,934.0,2.3865789,True,False,matched_image_only,35_2026-04-09_11-19-57.HEIC,2026-04-09 11:19:57,/Users/erumhassan/Library/CloudStorage/OneDrive-UniversityofOklahoma/Caddo Nation Field Survey - Documents/Wells/W16/Field Visit Data/Field Pictures/35_2026-04-09_11-19-57.HEIC,0.0,exact_image_match
2026-04-09 11:20:05,,,,,,,,,942.0,3.2956239999999997,27.0,1.1681525999999995,3.2956239999999997,False,35.0,35_2026-04-09_11-19-57.HEIC,2026-04-09 11:19:57,filename_timestamp,/Users/erumhassan/Library/CloudStorage/OneDrive-UniversityofOklahoma/Caddo Nation Field Survey - Documents/Wells/W16/Field Visit Data/Field Pictures/35_2026-04-09_11-19-57.HEIC,-8.0,8.0,before,942.0,3.2956239999999997,False,True,peak_only,35_2026-04-09_11-19-57.HEIC,2026-04-09 11:19:57,/Users/erumhassan/Library/CloudStorage/OneDrive-UniversityofOklahoma/Caddo Nation Field Survey - Documents/Wells/W16/Field Visit Data/Field Pictures/35_2026-04-09_11-19-57.HEIC,-8.0,nearest_peak_image
2026-04-09 11:20:09,,,,,,,,,946.0,2.5512864,44.0,0.17086920000000028,2.5512864,False,35.0,35_2026-04-09_11-19-57.HEIC,2026-04-09 11:19:57,filename_timestamp,/Users/erumhassan/Library/CloudStorage/OneDrive-UniversityofOklahoma/Caddo Nation Field Survey - Documents/Wells/W16/Field Visit Data/Field Pictures/35_2026-04-09_11-19-57.HEIC,-12.0,12.0,before,946.0,2.5512864,False,True,peak_only,35_2026-04-09_11-19-57.HEIC,2026-04-09 11:19:57,/Users/erumhassan/Library/CloudStorage/OneDrive-UniversityofOklahoma/Caddo Nation Field Survey - Documents/Wells/W16/Field Visit Data/Field Pictures/35_2026-04-09_11-19-57.HEIC,-12.0,nearest_peak_image
2026-04-09 11:20:15,,,,,,,,,952.0,2.7887397000000003,37.0,0.6853864000000001,2.7887397000000003,False,35.0,35_2026-04-09_11-19-57.HEIC,2026-04-09 11:19:57,filename_timestamp,/Users/erumhassan/Library/CloudStorage/OneDrive-UniversityofOklahoma/Caddo Nation Field Survey - Documents/Wells/W16/Field Visit Data/Field Pictures/35_2026-04-09_11-19-57.HEIC,-18.0,18.0,before,952.0,2.7887397000000003,False,True,peak_only,35_2026-04-09_11-19-57.HEIC,2026-04-09 11:19:57,/Users/erumhassan/Library/CloudStorage/OneDrive-UniversityofOklahoma/Caddo Nation Field Survey - Documents/Wells/W16/Field Visit Data/Field Pictures/35_2026-04-09_11-19-57.HEIC,-18.0,nearest_peak_image
2026-04-09 11:20:21,,,,,,,,,958.0,2.3441877,63.0,0.22310929999999995,2.3441877,False,36.0,36_2026-04-09_11-20-41.HEIC,2026-04-09 11:20:41,filename_timestamp,/Users/erumhassan/Library/CloudStorage/OneDrive-UniversityofOklahoma/Caddo Nation Field Survey - Documents/Wells/W16/Field Visit Data/Field Pictures/36_2026-04-09_11-20-41.HEIC,20.0,20.0,after,958.0,2.3441877,False,True,peak_only,36_2026-04-09_11-20-41.HEIC,2026-04-09 11:20:41,/Users/erumhassan/Library/CloudStorage/OneDrive-UniversityofOklahoma/Caddo Nation Field Survey - Documents/Wells/W16/Field Visit Data/Field Pictures/36_2026-04-09_11-20-41.HEIC,20.0,nearest_peak_image
2026-04-09 11:20:36,,,,,,,,,973.0,2.9959033,29.0,0.8973725000000004,2.9959033,False,36.0,36_2026-04-09_11-20-41.HEIC,2026-04-09 11:20:41,filename_timestamp,/Users/erumhassan/Library/CloudStorage/OneDrive-UniversityofOklahoma/Caddo Nation Field Survey - Documents/Wells/W16/Field Visit Data/Field Pictures/36_2026-04-09_11-20-41.HEIC,5.0,5.0,after,973.0,2.9959033,False,True,peak_only,36_2026-04-09_11-20-41.HEIC,2026-04-09 11:20:41,/Users/erumhassan/Library/CloudStorage/OneDrive-UniversityofOklahoma/Caddo Nation Field Survey - Documents/Wells/W16/Field Visit Data/Field Pictures/36_2026-04-09_11-20-41.HEIC,5.0,nearest_peak_image
2026-04-09 11:20:41,978.0,2.1834868000000003,36.0,36_2026-04-09_11-20-41.HEIC,2026-04-09 11:20:41,filename_timestamp,/Users/erumhassan/Library/CloudStorage/OneDrive-UniversityofOklahoma/Caddo Nation Field Survey - Documents/Wells/W16/Field Visit Data/Field Pictures/36_2026-04-09_11-20-41.HEIC,0.0,978.0,2.1834868000000003,86.0,0.07684320000000033,2.1834868000000003,False,36.0,36_2026-04-09_11-20-41.HEIC,2026-04-09 11:20:41,filename_timestamp,/Users/erumhassan/Library/CloudStorage/OneDrive-UniversityofOklahoma/Caddo Nation Field Survey - Documents/Wells/W16/Field Visit Data/Field Pictures/36_2026-04-09_11-20-41.HEIC,0.0,0.0,exact,978.0,2.1834868000000003,True,True,matched_image_and_peak,36_2026-04-09_11-20-41.HEIC,2026-04-09 11:20:41,/Users/erumhassan/Library/CloudStorage/OneDrive-UniversityofOklahoma/Caddo Nation Field Survey - Documents/Wells/W16/Field Visit Data/Field Pictures/36_2026-04-09_11-20-41.HEIC,0.0,exact_image_match
2026-04-09 11:20:43,980.0,2.1081494,37.0,37_2026-04-09_11-20-43.HEIC,2026-04-09 11:20:43,filename_timestamp,/Users/erumhassan/Library/CloudStorage/OneDrive-UniversityofOklahoma/Caddo Nation Field Survey - Documents/Wells/W16/Field Visit Data/Field Pictures/37_2026-04-09_11-20-43.HEIC,0.0,,,,,,,,,,,,,,,980.0,2.1081494,True,False,matched_image_only,37_2026-04-09_11-20-43.HEIC,2026-04-09 11:20:43,/Users/erumhassan/Library/CloudStorage/OneDrive-UniversityofOklahoma/Caddo Nation Field Survey - Documents/Wells/W16/Field Visit Data/Field Pictures/37_2026-04-09_11-20-43.HEIC,0.0,exact_image_match
2026-04-09 11:20:44,981.0,2.1004726999999996,38.0,38_2026-04-09_11-20-44.HEIC,2026-04-09 11:20:44,filename_timestamp,/Users/erumhassan/Library/CloudStorage/OneDrive-UniversityofOklahoma/Caddo Nation Field Survey - Documents/Wells/W16/Field Visit Data/Field Pictures/38_2026-04-09_11-20-44.HEIC,0.0,,,,,,,,,,,,,,,981.0,2.1004726999999996,True,False,matched_image_only,38_2026-04-09_11-20-44.HEIC,2026-04-09 11:20:44,/Users/erumhassan/Library/CloudStorage/OneDrive-UniversityofOklahoma/Caddo Nation Field Survey - Documents/Wells/W16/Field Visit Data/Field Pictures/38_2026-04-09_11-20-44.HEIC,0.0,exact_image_match
2026-04-09 11:20:50,987.0,2.104688,39.0,39_2026-04-09_11-20-50.HEIC,2026-04-09 11:20:50,filename_timestamp,/Users/erumhassan/Library/CloudStorage/OneDrive-UniversityofOklahoma/Caddo Nation Field Survey - Documents/Wells/W16/Field Visit Data/Field Pictures/39_2026-04-09_11-20-50.HEIC,0.0,,,,,,,,,,,,,,,987.0,2.104688,True,False,matched_image_only,39_2026-04-09_11-20-50.HEIC,2026-04-09 11:20:50,/Users/erumhassan/Library/CloudStorage/OneDrive-UniversityofOklahoma/Caddo Nation Field Survey - Documents/Wells/W16/Field Visit Data/Field Pictures/39_2026-04-09_11-20-50.HEIC,0.0,exact_image_match
2026-04-09 11:21:03,,,,,,,,,1000.0,2.2718391000000002,70.0,0.17346480000000009,2.2718391000000002,False,39.0,39_2026-04-09_11-20-50.HEIC,2026-04-09 11:20:50,filename_timestamp,/Users/erumhassan/Library/CloudStorage/OneDrive-UniversityofOklahoma/Caddo Nation Field Survey - Documents/Wells/W16/Field Visit Data/Field Pictures/39_2026-04-09_11-20-50.HEIC,-13.0,13.0,before,1000.0,2.2718391000000002,False,True,peak_only,39_2026-04-09_11-20-50.HEIC,2026-04-09 11:20:50,/Users/erumhassan/Library/CloudStorage/OneDrive-UniversityofOklahoma/Caddo Nation Field Survey - Documents/Wells/W16/Field Visit Data/Field Pictures/39_2026-04-09_11-20-50.HEIC,-13.0,nearest_peak_image
2026-04-09 11:21:18,1015.0,2.0993193000000003,40.0,40_2026-04-09_11-21-18.HEIC,2026-04-09 11:21:18,filename_timestamp,/Users/erumhassan/Library/CloudStorage/OneDrive-UniversityofOklahoma/Caddo Nation Field Survey - Documents/Wells/W16/Field Visit Data/Field Pictures/40_2026-04-09_11-21-18.HEIC,0.0,,,,,,,,,,,,,,,1015.0,2.0993193000000003,True,False,matched_image_only,40_2026-04-09_11-21-18.HEIC,2026-04-09 11:21:18,/Users/erumhassan/Library/CloudStorage/OneDrive-UniversityofOklahoma/Caddo Nation Field Survey - Documents/Wells/W16/Field Visit Data/Field Pictures/40_2026-04-09_11-21-18.HEIC,0.0,exact_image_match
2026-04-09 11:21:23,,,,,,,,,1020.0,41.501238,8.0,39.4071562,41.501238,False,40.0,40_2026-04-09_11-21-18.HEIC,2026-04-09 11:21:18,filename_timestamp,/Users/erumhassan/Library/CloudStorage/OneDrive-UniversityofOklahoma/Caddo Nation Field Survey - Documents/Wells/W16/Field Visit Data/Field Pictures/40_2026-04-09_11-21-18.HEIC,-5.0,5.0,before,1020.0,41.501238,False,True,peak_only,40_2026-04-09_11-21-18.HEIC,2026-04-09 11:21:18,/Users/erumhassan/Library/CloudStorage/OneDrive-UniversityofOklahoma/Caddo Nation Field Survey - Documents/Wells/W16/Field Visit Data/Field Pictures/40_2026-04-09_11-21-18.HEIC,-5.0,nearest_peak_image
2026-04-09 11:21:28,,,,,,,,,1025.0,14.682209,12.0,11.2916138,14.682209,False,40.0,40_2026-04-09_11-21-18.HEIC,2026-04-09 11:21:18,filename_timestamp,/Users/erumhassan/Library/CloudStorage/OneDrive-UniversityofOklahoma/Caddo Nation Field Survey - Documents/Wells/W16/Field Visit Data/Field Pictures/40_2026-04-09_11-21-18.HEIC,-10.0,10.0,before,1025.0,14.682209,False,True,peak_only,40_2026-04-09_11-21-18.HEIC,2026-04-09 11:21:18,/Users/erumhassan/Library/CloudStorage/OneDrive-UniversityofOklahoma/Caddo Nation Field Survey - Documents/Wells/W16/Field Visit Data/Field Pictures/40_2026-04-09_11-21-18.HEIC,-10.0,nearest_peak_image
2026-04-09 11:21:40,1037.0,2.1062283,41.0,41_2026-04-09_11-21-40.HEIC,2026-04-09 11:21:40,filename_timestamp,/Users/erumhassan/Library/CloudStorage/OneDrive-UniversityofOklahoma/Caddo Nation Field Survey - Documents/Wells/W16/Field Visit Data/Field Pictures/41_2026-04-09_11-21-40.HEIC,0.0,,,,,,,,,,,,,,,1037.0,2.1062283,True,False,matched_image_only,41_2026-04-09_11-21-40.HEIC,2026-04-09 11:21:40,/Users/erumhassan/Library/CloudStorage/OneDrive-UniversityofOklahoma/Caddo Nation Field Survey - Documents/Wells/W16/Field Visit Data/Field Pictures/41_2026-04-09_11-21-40.HEIC,0.0,exact_image_match
2026-04-09 11:21:47,,,,,,,,,1044.0,2.9950544,30.0,0.8905156000000001,2.9950544,False,41.0,41_2026-04-09_11-21-40.HEIC,2026-04-09 11:21:40,filename_timestamp,/Users/erumhassan/Library/CloudStorage/OneDrive-UniversityofOklahoma/Caddo Nation Field Survey - Documents/Wells/W16/Field Visit Data/Field Pictures/41_2026-04-09_11-21-40.HEIC,-7.0,7.0,before,1044.0,2.9950544,False,True,peak_only,41_2026-04-09_11-21-40.HEIC,2026-04-09 11:21:40,/Users/erumhassan/Library/CloudStorage/OneDrive-UniversityofOklahoma/Caddo Nation Field Survey - Documents/Wells/W16/Field Visit Data/Field Pictures/41_2026-04-09_11-21-40.HEIC,-7.0,nearest_peak_image
2026-04-09 11:22:00,,,,,,,,,1057.0,2.2754148,69.0,0.17267680000000007,2.2754148,False,42.0,42_2026-04-09_11-22-14.HEIC,2026-04-09 11:22:14,filename_timestamp,/Users/erumhassan/Library/CloudStorage/OneDrive-UniversityofOklahoma/Caddo Nation Field Survey - Documents/Wells/W16/Field Visit Data/Field Pictures/42_2026-04-09_11-22-14.HEIC,14.0,14.0,after,1057.0,2.2754148,False,True,peak_only,42_2026-04-09_11-22-14.HEIC,2026-04-09 11:22:14,/Users/erumhassan/Library/CloudStorage/OneDrive-UniversityofOklahoma/Caddo Nation Field Survey - Documents/Wells/W16/Field Visit Data/Field Pictures/42_2026-04-09_11-22-14.HEIC,14.0,nearest_peak_image
2026-04-09 11:22:14,1071.0,2.1023267,42.0,42_2026-04-09_11-22-14.HEIC,2026-04-09 11:22:14,filename_timestamp,/Users/erumhassan/Library/CloudStorage/OneDrive-UniversityofOklahoma/Caddo Nation Field Survey - Documents/Wells/W16/Field Visit Data/Field Pictures/42_2026-04-09_11-22-14.HEIC,0.0,,,,,,,,,,,,,,,1071.0,2.1023267,True,False,matched_image_only,42_2026-04-09_11-22-14.HEIC,2026-04-09 11:22:14,/Users/erumhassan/Library/CloudStorage/OneDrive-UniversityofOklahoma/Caddo Nation Field Survey - Documents/Wells/W16/Field Visit Data/Field Pictures/42_2026-04-09_11-22-14.HEIC,0.0,exact_image_match
2026-04-09 11:22:22,,,,,,,,,1079.0,2.2064224,81.0,0.10845170000000026,2.2064224,False,42.0,42_2026-04-09_11-22-14.HEIC,2026-04-09 11:22:14,filename_timestamp,/Users/erumhassan/Library/CloudStorage/OneDrive-UniversityofOklahoma/Caddo Nation Field Survey - Documents/Wells/W16/Field Visit Data/Field Pictures/42_2026-04-09_11-22-14.HEIC,-8.0,8.0,before,1079.0,2.2064224,False,True,peak_only,42_2026-04-09_11-22-14.HEIC,2026-04-09 11:22:14,/Users/erumhassan/Library/CloudStorage/OneDrive-UniversityofOklahoma/Caddo Nation Field Survey - Documents/Wells/W16/Field Visit Data/Field Pictures/42_2026-04-09_11-22-14.HEIC,-8.0,nearest_peak_image
2026-04-09 11:23:33,,,,,,,,,1150.0,2.1548042,96.0,0.05589479999999991,2.1548042,False,42.0,42_2026-04-09_11-22-14.HEIC,2026-04-09 11:22:14,filename_timestamp,/Users/erumhassan/Library/CloudStorage/OneDrive-UniversityofOklahoma/Caddo Nation Field Survey - Documents/Wells/W16/Field Visit Data/Field Pictures/42_2026-04-09_11-22-14.HEIC,-79.0,79.0,before,1150.0,2.1548042,False,True,peak_only,42_2026-04-09_11-22-14.HEIC,2026-04-09 11:22:14,/Users/erumhassan/Library/CloudStorage/OneDrive-UniversityofOklahoma/Caddo Nation Field Survey - Documents/Wells/W16/Field Visit Data/Field Pictures/42_2026-04-09_11-22-14.HEIC,-79.0,nearest_peak_image
2026-04-09 11:23:51,,,,,,,,,1168.0,2.2533245,71.0,0.15317559999999997,2.2533245,False,42.0,42_2026-04-09_11-22-14.HEIC,2026-04-09 11:22:14,filename_timestamp,/Users/erumhassan/Library/CloudStorage/OneDrive-UniversityofOklahoma/Caddo Nation Field Survey - Documents/Wells/W16/Field Visit Data/Field Pictures/42_2026-04-09_11-22-14.HEIC,-97.0,97.0,before,1168.0,2.2533245,False,True,peak_only,42_2026-04-09_11-22-14.HEIC,2026-04-09 11:22:14,/Users/erumhassan/Library/CloudStorage/OneDrive-UniversityofOklahoma/Caddo Nation Field Survey - Documents/Wells/W16/Field Visit Data/Field Pictures/42_2026-04-09_11-22-14.HEIC,-97.0,nearest_peak_image
2026-04-09 11:23:56,,,,,,,,,1173.0,2.3032651,67.0,0.20456930000000018,2.3032651,False,42.0,42_2026-04-09_11-22-14.HEIC,2026-04-09 11:22:14,filename_timestamp,/Users/erumhassan/Library/CloudStorage/OneDrive-UniversityofOklahoma/Caddo Nation Field Survey - Documents/Wells/W16/Field Visit Data/Field Pictures/42_2026-04-09_11-22-14.HEIC,-102.0,102.0,before,1173.0,2.3032651,False,True,peak_only,42_2026-04-09_11-22-14.HEIC,2026-04-09 11:22:14,/Users/erumhassan/Library/CloudStorage/OneDrive-UniversityofOklahoma/Caddo Nation Field Survey - Documents/Wells/W16/Field Visit Data/Field Pictures/42_2026-04-09_11-22-14.HEIC,-102.0,nearest_peak_image
2026-04-09 11:24:18,,,,,,,,,1195.0,2.1597678,94.0,0.06055590000000022,2.1597678,False,42.0,42_2026-04-09_11-22-14.HEIC,2026-04-09 11:22:14,filename_timestamp,/Users/erumhassan/Library/CloudStorage/OneDrive-UniversityofOklahoma/Caddo Nation Field Survey - Documents/Wells/W16/Field Visit Data/Field Pictures/42_2026-04-09_11-22-14.HEIC,-124.0,124.0,before,1195.0,2.1597678,False,True,peak_only,42_2026-04-09_11-22-14.HEIC,2026-04-09 11:22:14,/Users/erumhassan/Library/CloudStorage/OneDrive-UniversityofOklahoma/Caddo Nation Field Survey - Documents/Wells/W16/Field Visit Data/Field Pictures/42_2026-04-09_11-22-14.HEIC,-124.0,nearest_peak_image
2026-04-09 11:24:24,,,,,,,,,1201.0,2.2085695999999997,80.0,0.10959889999999994,2.2085695999999997,False,42.0,42_2026-04-09_11-22-14.HEIC,2026-04-09 11:22:14,filename_timestamp,/Users/erumhassan/Library/CloudStorage/OneDrive-UniversityofOklahoma/Caddo Nation Field Survey - Documents/Wells/W16/Field Visit Data/Field Pictures/42_2026-04-09_11-22-14.HEIC,-130.0,130.0,before,1201.0,2.2085695999999997,False,True,peak_only,42_2026-04-09_11-22-14.HEIC,2026-04-09 11:22:14,/Users/erumhassan/Library/CloudStorage/OneDrive-UniversityofOklahoma/Caddo Nation Field Survey - Documents/Wells/W16/Field Visit Data/Field Pictures/42_2026-04-09_11-22-14.HEIC,-130.0,nearest_peak_image
2026-04-09 11:24:33,,,,,,,,,1210.0,5.4599351,16.0,3.3591321,5.4599351,False,42.0,42_2026-04-09_11-22-14.HEIC,2026-04-09 11:22:14,filename_timestamp,/Users/erumhassan/Library/CloudStorage/OneDrive-UniversityofOklahoma/Caddo Nation Field Survey - Documents/Wells/W16/Field Visit Data/Field Pictures/42_2026-04-09_11-22-14.HEIC,-139.0,139.0,before,1210.0,5.4599351,False,True,peak_only,42_2026-04-09_11-22-14.HEIC,2026-04-09 11:22:14,/Users/erumhassan/Library/CloudStorage/OneDrive-UniversityofOklahoma/Caddo Nation Field Survey - Documents/Wells/W16/Field Visit Data/Field Pictures/42_2026-04-09_11-22-14.HEIC,-139.0,nearest_peak_image
2026-04-09 11:24:44,,,,,,,,,1221.0,4.2305698000000005,20.0,0.17054470000000066,4.2305698000000005,False,42.0,42_2026-04-09_11-22-14.HEIC,2026-04-09 11:22:14,filename_timestamp,/Users/erumhassan/Library/CloudStorage/OneDrive-UniversityofOklahoma/Caddo Nation Field Survey - Documents/Wells/W16/Field Visit Data/Field Pictures/42_2026-04-09_11-22-14.HEIC,-150.0,150.0,before,1221.0,4.2305698000000005,False,True,peak_only,42_2026-04-09_11-22-14.HEIC,2026-04-09 11:22:14,/Users/erumhassan/Library/CloudStorage/OneDrive-UniversityofOklahoma/Caddo Nation Field Survey - Documents/Wells/W16/Field Visit Data/Field Pictures/42_2026-04-09_11-22-14.HEIC,-150.0,nearest_peak_image
2026-04-09 11:24:47,,,,,,,,,1224.0,12.872776,13.0,10.7751154,12.872776,False,42.0,42_2026-04-09_11-22-14.HEIC,2026-04-09 11:22:14,filename_timestamp,/Users/erumhassan/Library/CloudStorage/OneDrive-UniversityofOklahoma/Caddo Nation Field Survey - Documents/Wells/W16/Field Visit Data/Field Pictures/42_2026-04-09_11-22-14.HEIC,-153.0,153.0,before,1224.0,12.872776,False,True,peak_only,42_2026-04-09_11-22-14.HEIC,2026-04-09 11:22:14,/Users/erumhassan/Library/CloudStorage/OneDrive-UniversityofOklahoma/Caddo Nation Field Survey - Documents/Wells/W16/Field Visit Data/Field Pictures/42_2026-04-09_11-22-14.HEIC,-153.0,nearest_peak_image
2026-04-09 11:24:51,,,,,,,,,1228.0,3.706832,24.0,0.7913834999999998,3.706832,False,42.0,42_2026-04-09_11-22-14.HEIC,2026-04-09 11:22:14,filename_timestamp,/Users/erumhassan/Library/CloudStorage/OneDrive-UniversityofOklahoma/Caddo Nation Field Survey - Documents/Wells/W16/Field Visit Data/Field Pictures/42_2026-04-09_11-22-14.HEIC,-157.0,157.0,before,1228.0,3.706832,False,True,peak_only,42_2026-04-09_11-22-14.HEIC,2026-04-09 11:22:14,/Users/erumhassan/Library/CloudStorage/OneDrive-UniversityofOklahoma/Caddo Nation Field Survey - Documents/Wells/W16/Field Visit Data/Field Pictures/42_2026-04-09_11-22-14.HEIC,-157.0,nearest_peak_image
2026-04-09 11:25:06,,,,,,,,,1243.0,2.2907654,68.0,0.18844190000000038,2.2907654,False,42.0,42_2026-04-09_11-22-14.HEIC,2026-04-09 11:22:14,filename_timestamp,/Users/erumhassan/Library/CloudStorage/OneDrive-UniversityofOklahoma/Caddo Nation Field Survey - Documents/Wells/W16/Field Visit Data/Field Pictures/42_2026-04-09_11-22-14.HEIC,-172.0,172.0,before,1243.0,2.2907654,False,True,peak_only,42_2026-04-09_11-22-14.HEIC,2026-04-09 11:22:14,/Users/erumhassan/Library/CloudStorage/OneDrive-UniversityofOklahoma/Caddo Nation Field Survey - Documents/Wells/W16/Field Visit Data/Field Pictures/42_2026-04-09_11-22-14.HEIC,-172.0,nearest_peak_image
2026-04-09 11:28:58,1475.0,2.0941525999999997,66.0,66_2026-04-09_11-28-58.jpeg,2026-04-09 11:28:58,filename_timestamp,/Users/erumhassan/Library/CloudStorage/OneDrive-UniversityofOklahoma/Caddo Nation Field Survey - Documents/Wells/W16/Field Visit Data/Field Pictures/66_2026-04-09_11-28-58.jpeg,0.0,,,,,,,,,,,,,,,1475.0,2.0941525999999997,True,False,matched_image_only,66_2026-04-09_11-28-58.jpeg,2026-04-09 11:28:58,/Users/erumhassan/Library/CloudStorage/OneDrive-UniversityofOklahoma/Caddo Nation Field Survey - Documents/Wells/W16/Field Visit Data/Field Pictures/66_2026-04-09_11-28-58.jpeg,0.0,exact_image_match
2026-04-09 11:29:00,1477.0,2.0942295,67.0,67_2026-04-09_11-29-00.jpeg,2026-04-09 11:29:00,filename_timestamp,/Users/erumhassan/Library/CloudStorage/OneDrive-UniversityofOklahoma/Caddo Nation Field Survey - Documents/Wells/W16/Field Visit Data/Field Pictures/67_2026-04-09_11-29-00.jpeg,0.0,,,,,,,,,,,,,,,1477.0,2.0942295,True,False,matched_image_only,67_2026-04-09_11-29-00.jpeg,2026-04-09 11:29:00,/Users/erumhassan/Library/CloudStorage/OneDrive-UniversityofOklahoma/Caddo Nation Field Survey - Documents/Wells/W16/Field Visit Data/Field Pictures/67_2026-04-09_11-29-00.jpeg,0.0,exact_image_match
2026-04-09 11:29:01,1478.0,2.0940962,68.0,68_2026-04-09_11-29-01.jpeg,2026-04-09 11:29:01,filename_timestamp,/Users/erumhassan/Library/CloudStorage/OneDrive-UniversityofOklahoma/Caddo Nation Field Survey - Documents/Wells/W16/Field Visit Data/Field Pictures/68_2026-04-09_11-29-01.jpeg,0.0,,,,,,,,,,,,,,,1478.0,2.0940962,True,False,matched_image_only,68_2026-04-09_11-29-01.jpeg,2026-04-09 11:29:01,/Users/erumhassan/Library/CloudStorage/OneDrive-UniversityofOklahoma/Caddo Nation Field Survey - Documents/Wells/W16/Field Visit Data/Field Pictures/68_2026-04-09_11-29-01.jpeg,0.0,exact_image_match
