SECONDS,Elapsed_sec,Datetime,Corrected_Datetime,CH4,CH4_ppm,peak_prominence_ppm,peak_height_ppm,peak_over_100ppm,peak_rank_by_ch4,nearest_image_id,nearest_image_file,nearest_image_datetime,nearest_image_timestamp_source,nearest_image_path,nearest_image_delta_seconds,nearest_image_abs_delta_seconds,nearest_image_relation
1775750873,286,2026-04-09 11:07:53,2026-04-09 11:09:09,665456.75,665.45675,663.4004124,665.45675,True,1,19,19_2026-04-09_11-10-29.HEIC,2026-04-09 11:10:29,filename_timestamp,/Users/erumhassan/Library/CloudStorage/OneDrive-UniversityofOklahoma/Caddo Nation Field Survey - Documents/Wells/W16/Field Visit Data/Field Pictures/19_2026-04-09_11-10-29.HEIC,80.0,80.0,after
1775750828,241,2026-04-09 11:07:08,2026-04-09 11:08:24,232565.14,232.56514,230.3752369,232.56514,True,2,19,19_2026-04-09_11-10-29.HEIC,2026-04-09 11:10:29,filename_timestamp,/Users/erumhassan/Library/CloudStorage/OneDrive-UniversityofOklahoma/Caddo Nation Field Survey - Documents/Wells/W16/Field Visit Data/Field Pictures/19_2026-04-09_11-10-29.HEIC,125.0,125.0,after
1775750843,256,2026-04-09 11:07:23,2026-04-09 11:08:39,170760.62,170.76062,168.30730409999998,170.76062,True,3,19,19_2026-04-09_11-10-29.HEIC,2026-04-09 11:10:29,filename_timestamp,/Users/erumhassan/Library/CloudStorage/OneDrive-UniversityofOklahoma/Caddo Nation Field Survey - Documents/Wells/W16/Field Visit Data/Field Pictures/19_2026-04-09_11-10-29.HEIC,110.0,110.0,after
1775750823,236,2026-04-09 11:07:03,2026-04-09 11:08:19,101865.31,101.86531,99.1100661,101.86531,True,4,19,19_2026-04-09_11-10-29.HEIC,2026-04-09 11:10:29,filename_timestamp,/Users/erumhassan/Library/CloudStorage/OneDrive-UniversityofOklahoma/Caddo Nation Field Survey - Documents/Wells/W16/Field Visit Data/Field Pictures/19_2026-04-09_11-10-29.HEIC,130.0,130.0,after
1775750851,264,2026-04-09 11:07:31,2026-04-09 11:08:47,84407.445,84.40744500000001,55.63117700000001,84.40744500000001,False,5,19,19_2026-04-09_11-10-29.HEIC,2026-04-09 11:10:29,filename_timestamp,/Users/erumhassan/Library/CloudStorage/OneDrive-UniversityofOklahoma/Caddo Nation Field Survey - Documents/Wells/W16/Field Visit Data/Field Pictures/19_2026-04-09_11-10-29.HEIC,102.0,102.0,after
1775750847,260,2026-04-09 11:07:27,2026-04-09 11:08:43,58077.555,58.077555000000004,13.316688000000006,58.077555000000004,False,6,19,19_2026-04-09_11-10-29.HEIC,2026-04-09 11:10:29,filename_timestamp,/Users/erumhassan/Library/CloudStorage/OneDrive-UniversityofOklahoma/Caddo Nation Field Survey - Documents/Wells/W16/Field Visit Data/Field Pictures/19_2026-04-09_11-10-29.HEIC,106.0,106.0,after
1775750891,304,2026-04-09 11:08:11,2026-04-09 11:09:27,53101.973,53.101973,50.7844437,53.101973,False,7,19,19_2026-04-09_11-10-29.HEIC,2026-04-09 11:10:29,filename_timestamp,/Users/erumhassan/Library/CloudStorage/OneDrive-UniversityofOklahoma/Caddo Nation Field Survey - Documents/Wells/W16/Field Visit Data/Field Pictures/19_2026-04-09_11-10-29.HEIC,62.0,62.0,after
1775751607,1020,2026-04-09 11:20:07,2026-04-09 11:21:23,41501.238,41.501238,39.4071562,41.501238,False,8,40,40_2026-04-09_11-21-18.HEIC,2026-04-09 11:21:18,filename_timestamp,/Users/erumhassan/Library/CloudStorage/OneDrive-UniversityofOklahoma/Caddo Nation Field Survey - Documents/Wells/W16/Field Visit Data/Field Pictures/40_2026-04-09_11-21-18.HEIC,-5.0,5.0,before
1775750861,274,2026-04-09 11:07:41,2026-04-09 11:08:57,25954.062,25.954062,23.2080427,25.954062,False,9,19,19_2026-04-09_11-10-29.HEIC,2026-04-09 11:10:29,filename_timestamp,/Users/erumhassan/Library/CloudStorage/OneDrive-UniversityofOklahoma/Caddo Nation Field Survey - Documents/Wells/W16/Field Visit Data/Field Pictures/19_2026-04-09_11-10-29.HEIC,92.0,92.0,after
1775750936,349,2026-04-09 11:08:56,2026-04-09 11:10:12,19572.051,19.572051,17.4534399,19.572051,False,10,19,19_2026-04-09_11-10-29.HEIC,2026-04-09 11:10:29,filename_timestamp,/Users/erumhassan/Library/CloudStorage/OneDrive-UniversityofOklahoma/Caddo Nation Field Survey - Documents/Wells/W16/Field Visit Data/Field Pictures/19_2026-04-09_11-10-29.HEIC,17.0,17.0,after
1775750882,295,2026-04-09 11:08:02,2026-04-09 11:09:18,17377.686,17.377686,14.2739968,17.377686,False,11,19,19_2026-04-09_11-10-29.HEIC,2026-04-09 11:10:29,filename_timestamp,/Users/erumhassan/Library/CloudStorage/OneDrive-UniversityofOklahoma/Caddo Nation Field Survey - Documents/Wells/W16/Field Visit Data/Field Pictures/19_2026-04-09_11-10-29.HEIC,71.0,71.0,after
1775751612,1025,2026-04-09 11:20:12,2026-04-09 11:21:28,14682.209,14.682209,11.2916138,14.682209,False,12,40,40_2026-04-09_11-21-18.HEIC,2026-04-09 11:21:18,filename_timestamp,/Users/erumhassan/Library/CloudStorage/OneDrive-UniversityofOklahoma/Caddo Nation Field Survey - Documents/Wells/W16/Field Visit Data/Field Pictures/40_2026-04-09_11-21-18.HEIC,-10.0,10.0,before
1775751811,1224,2026-04-09 11:23:31,2026-04-09 11:24:47,12872.776,12.872776,10.7751154,12.872776,False,13,42,42_2026-04-09_11-22-14.HEIC,2026-04-09 11:22:14,filename_timestamp,/Users/erumhassan/Library/CloudStorage/OneDrive-UniversityofOklahoma/Caddo Nation Field Survey - Documents/Wells/W16/Field Visit Data/Field Pictures/42_2026-04-09_11-22-14.HEIC,-153.0,153.0,before
1775750866,279,2026-04-09 11:07:46,2026-04-09 11:09:02,11764.008,11.764008,8.9333913,11.764008,False,14,19,19_2026-04-09_11-10-29.HEIC,2026-04-09 11:10:29,filename_timestamp,/Users/erumhassan/Library/CloudStorage/OneDrive-UniversityofOklahoma/Caddo Nation Field Survey - Documents/Wells/W16/Field Visit Data/Field Pictures/19_2026-04-09_11-10-29.HEIC,87.0,87.0,after
1775750958,371,2026-04-09 11:09:18,2026-04-09 11:10:34,5702.0703,5.7020703,3.5881484,5.7020703,False,15,19,19_2026-04-09_11-10-29.HEIC,2026-04-09 11:10:29,filename_timestamp,/Users/erumhassan/Library/CloudStorage/OneDrive-UniversityofOklahoma/Caddo Nation Field Survey - Documents/Wells/W16/Field Visit Data/Field Pictures/19_2026-04-09_11-10-29.HEIC,-5.0,5.0,before
1775751797,1210,2026-04-09 11:23:17,2026-04-09 11:24:33,5459.9351,5.4599351,3.3591321,5.4599351,False,16,42,42_2026-04-09_11-22-14.HEIC,2026-04-09 11:22:14,filename_timestamp,/Users/erumhassan/Library/CloudStorage/OneDrive-UniversityofOklahoma/Caddo Nation Field Survey - Documents/Wells/W16/Field Visit Data/Field Pictures/42_2026-04-09_11-22-14.HEIC,-139.0,139.0,before
1775750978,391,2026-04-09 11:09:38,2026-04-09 11:10:54,5332.877,5.332877000000001,3.2268814000000003,5.332877000000001,False,17,20,20_2026-04-09_11-11-17.HEIC,2026-04-09 11:11:17,filename_timestamp,/Users/erumhassan/Library/CloudStorage/OneDrive-UniversityofOklahoma/Caddo Nation Field Survey - Documents/Wells/W16/Field Visit Data/Field Pictures/20_2026-04-09_11-11-17.HEIC,23.0,23.0,after
1775750951,364,2026-04-09 11:09:11,2026-04-09 11:10:27,4493.8926,4.493892600000001,2.3798191000000006,4.493892600000001,False,18,19,19_2026-04-09_11-10-29.HEIC,2026-04-09 11:10:29,filename_timestamp,/Users/erumhassan/Library/CloudStorage/OneDrive-UniversityofOklahoma/Caddo Nation Field Survey - Documents/Wells/W16/Field Visit Data/Field Pictures/19_2026-04-09_11-10-29.HEIC,2.0,2.0,after
1775751183,596,2026-04-09 11:13:03,2026-04-09 11:14:19,4369.5166,4.3695166,2.2670495999999996,4.3695166,False,19,29,29_2026-04-09_11-13-34.HEIC,2026-04-09 11:13:34,filename_timestamp,/Users/erumhassan/Library/CloudStorage/OneDrive-UniversityofOklahoma/Caddo Nation Field Survey - Documents/Wells/W16/Field Visit Data/Field Pictures/29_2026-04-09_11-13-34.HEIC,-45.0,45.0,before
1775751808,1221,2026-04-09 11:23:28,2026-04-09 11:24:44,4230.5698,4.2305698000000005,0.17054470000000066,4.2305698000000005,False,20,42,42_2026-04-09_11-22-14.HEIC,2026-04-09 11:22:14,filename_timestamp,/Users/erumhassan/Library/CloudStorage/OneDrive-UniversityofOklahoma/Caddo Nation Field Survey - Documents/Wells/W16/Field Visit Data/Field Pictures/42_2026-04-09_11-22-14.HEIC,-150.0,150.0,before
1775751519,932,2026-04-09 11:18:39,2026-04-09 11:19:55,4217.1953,4.2171953,2.1190884,4.2171953,False,21,35,35_2026-04-09_11-19-57.HEIC,2026-04-09 11:19:57,filename_timestamp,/Users/erumhassan/Library/CloudStorage/OneDrive-UniversityofOklahoma/Caddo Nation Field Survey - Documents/Wells/W16/Field Visit Data/Field Pictures/35_2026-04-09_11-19-57.HEIC,2.0,2.0,after
1775750915,328,2026-04-09 11:08:35,2026-04-09 11:09:51,4208.9434,4.2089434,2.059387,4.2089434,False,22,19,19_2026-04-09_11-10-29.HEIC,2026-04-09 11:10:29,filename_timestamp,/Users/erumhassan/Library/CloudStorage/OneDrive-UniversityofOklahoma/Caddo Nation Field Survey - Documents/Wells/W16/Field Visit Data/Field Pictures/19_2026-04-09_11-10-29.HEIC,38.0,38.0,after
1775750930,343,2026-04-09 11:08:50,2026-04-09 11:10:06,3815.9746,3.8159746,1.6034164999999998,3.8159746,False,23,19,19_2026-04-09_11-10-29.HEIC,2026-04-09 11:10:29,filename_timestamp,/Users/erumhassan/Library/CloudStorage/OneDrive-UniversityofOklahoma/Caddo Nation Field Survey - Documents/Wells/W16/Field Visit Data/Field Pictures/19_2026-04-09_11-10-29.HEIC,23.0,23.0,after
1775751815,1228,2026-04-09 11:23:35,2026-04-09 11:24:51,3706.832,3.706832,0.7913834999999998,3.706832,False,24,42,42_2026-04-09_11-22-14.HEIC,2026-04-09 11:22:14,filename_timestamp,/Users/erumhassan/Library/CloudStorage/OneDrive-UniversityofOklahoma/Caddo Nation Field Survey - Documents/Wells/W16/Field Visit Data/Field Pictures/42_2026-04-09_11-22-14.HEIC,-157.0,157.0,before
1775750858,271,2026-04-09 11:07:38,2026-04-09 11:08:54,3669.4102,3.6694101999999997,1.1169683,3.6694101999999997,False,25,19,19_2026-04-09_11-10-29.HEIC,2026-04-09 11:10:29,filename_timestamp,/Users/erumhassan/Library/CloudStorage/OneDrive-UniversityofOklahoma/Caddo Nation Field Survey - Documents/Wells/W16/Field Visit Data/Field Pictures/19_2026-04-09_11-10-29.HEIC,95.0,95.0,after
1775750815,228,2026-04-09 11:06:55,2026-04-09 11:08:11,3439.1804,3.4391804,1.322228,3.4391804,False,26,18,18_2026-04-09_11-05-59.HEIC,2026-04-09 11:05:59,filename_timestamp,/Users/erumhassan/Library/CloudStorage/OneDrive-UniversityofOklahoma/Caddo Nation Field Survey - Documents/Wells/W16/Field Visit Data/Field Pictures/18_2026-04-09_11-05-59.HEIC,-132.0,132.0,before
1775751529,942,2026-04-09 11:18:49,2026-04-09 11:20:05,3295.624,3.2956239999999997,1.1681525999999995,3.2956239999999997,False,27,35,35_2026-04-09_11-19-57.HEIC,2026-04-09 11:19:57,filename_timestamp,/Users/erumhassan/Library/CloudStorage/OneDrive-UniversityofOklahoma/Caddo Nation Field Survey - Documents/Wells/W16/Field Visit Data/Field Pictures/35_2026-04-09_11-19-57.HEIC,-8.0,8.0,before
1775750945,358,2026-04-09 11:09:05,2026-04-09 11:10:21,3111.6965,3.1116965,0.9898468999999999,3.1116965,False,28,19,19_2026-04-09_11-10-29.HEIC,2026-04-09 11:10:29,filename_timestamp,/Users/erumhassan/Library/CloudStorage/OneDrive-UniversityofOklahoma/Caddo Nation Field Survey - Documents/Wells/W16/Field Visit Data/Field Pictures/19_2026-04-09_11-10-29.HEIC,8.0,8.0,after
1775751560,973,2026-04-09 11:19:20,2026-04-09 11:20:36,2995.9033,2.9959033,0.8973725000000004,2.9959033,False,29,36,36_2026-04-09_11-20-41.HEIC,2026-04-09 11:20:41,filename_timestamp,/Users/erumhassan/Library/CloudStorage/OneDrive-UniversityofOklahoma/Caddo Nation Field Survey - Documents/Wells/W16/Field Visit Data/Field Pictures/36_2026-04-09_11-20-41.HEIC,5.0,5.0,after
1775751631,1044,2026-04-09 11:20:31,2026-04-09 11:21:47,2995.0544,2.9950544,0.8905156000000001,2.9950544,False,30,41,41_2026-04-09_11-21-40.HEIC,2026-04-09 11:21:40,filename_timestamp,/Users/erumhassan/Library/CloudStorage/OneDrive-UniversityofOklahoma/Caddo Nation Field Survey - Documents/Wells/W16/Field Visit Data/Field Pictures/41_2026-04-09_11-21-40.HEIC,-7.0,7.0,before
1775751441,854,2026-04-09 11:17:21,2026-04-09 11:18:37,2923.2061,2.9232061,0.8248221,2.9232061,False,31,31,31_2026-04-09_11-18-39.HEIC,2026-04-09 11:18:39,filename_timestamp,/Users/erumhassan/Library/CloudStorage/OneDrive-UniversityofOklahoma/Caddo Nation Field Survey - Documents/Wells/W16/Field Visit Data/Field Pictures/31_2026-04-09_11-18-39.HEIC,2.0,2.0,after
1775751136,549,2026-04-09 11:12:16,2026-04-09 11:13:32,2885.7019,2.8857019,0.7729207000000002,2.8857019,False,32,28,28_2026-04-09_11-13-33.HEIC,2026-04-09 11:13:33,filename_timestamp,/Users/erumhassan/Library/CloudStorage/OneDrive-UniversityofOklahoma/Caddo Nation Field Survey - Documents/Wells/W16/Field Visit Data/Field Pictures/28_2026-04-09_11-13-33.HEIC,1.0,1.0,after
1775750908,321,2026-04-09 11:08:28,2026-04-09 11:09:44,2885.0698,2.8850698,0.7106306000000004,2.8850698,False,33,19,19_2026-04-09_11-10-29.HEIC,2026-04-09 11:10:29,filename_timestamp,/Users/erumhassan/Library/CloudStorage/OneDrive-UniversityofOklahoma/Caddo Nation Field Survey - Documents/Wells/W16/Field Visit Data/Field Pictures/19_2026-04-09_11-10-29.HEIC,45.0,45.0,after
1775751132,545,2026-04-09 11:12:12,2026-04-09 11:13:28,2882.27,2.88227,0.6288825000000005,2.88227,False,34,27,27_2026-04-09_11-13-29.HEIC,2026-04-09 11:13:29,filename_timestamp,/Users/erumhassan/Library/CloudStorage/OneDrive-UniversityofOklahoma/Caddo Nation Field Survey - Documents/Wells/W16/Field Visit Data/Field Pictures/27_2026-04-09_11-13-29.HEIC,1.0,1.0,after
1775751175,588,2026-04-09 11:12:55,2026-04-09 11:14:11,2851.1152,2.8511152,0.6783906000000002,2.8511152,False,35,29,29_2026-04-09_11-13-34.HEIC,2026-04-09 11:13:34,filename_timestamp,/Users/erumhassan/Library/CloudStorage/OneDrive-UniversityofOklahoma/Caddo Nation Field Survey - Documents/Wells/W16/Field Visit Data/Field Pictures/29_2026-04-09_11-13-34.HEIC,-37.0,37.0,before
1775751173,586,2026-04-09 11:12:53,2026-04-09 11:14:09,2836.1985,2.8361985,0.20101879999999994,2.8361985,False,36,29,29_2026-04-09_11-13-34.HEIC,2026-04-09 11:13:34,filename_timestamp,/Users/erumhassan/Library/CloudStorage/OneDrive-UniversityofOklahoma/Caddo Nation Field Survey - Documents/Wells/W16/Field Visit Data/Field Pictures/29_2026-04-09_11-13-34.HEIC,-35.0,35.0,before
1775751539,952,2026-04-09 11:18:59,2026-04-09 11:20:15,2788.7397,2.7887397000000003,0.6853864000000001,2.7887397000000003,False,37,35,35_2026-04-09_11-19-57.HEIC,2026-04-09 11:19:57,filename_timestamp,/Users/erumhassan/Library/CloudStorage/OneDrive-UniversityofOklahoma/Caddo Nation Field Survey - Documents/Wells/W16/Field Visit Data/Field Pictures/35_2026-04-09_11-19-57.HEIC,-18.0,18.0,before
1775751156,569,2026-04-09 11:12:36,2026-04-09 11:13:52,2705.2854,2.7052854,0.5835479000000001,2.7052854,False,38,29,29_2026-04-09_11-13-34.HEIC,2026-04-09 11:13:34,filename_timestamp,/Users/erumhassan/Library/CloudStorage/OneDrive-UniversityofOklahoma/Caddo Nation Field Survey - Documents/Wells/W16/Field Visit Data/Field Pictures/29_2026-04-09_11-13-34.HEIC,-18.0,18.0,before
1775751109,522,2026-04-09 11:11:49,2026-04-09 11:13:05,2700.5896,2.7005896,0.5768958,2.7005896,False,39,24,24_2026-04-09_11-13-19.HEIC,2026-04-09 11:13:19,filename_timestamp,/Users/erumhassan/Library/CloudStorage/OneDrive-UniversityofOklahoma/Caddo Nation Field Survey - Documents/Wells/W16/Field Visit Data/Field Pictures/24_2026-04-09_11-13-19.HEIC,14.0,14.0,after
1775751246,659,2026-04-09 11:14:06,2026-04-09 11:15:22,2686.4258,2.6864258,0.5821673,2.6864258,False,40,30,30_2026-04-09_11-15-26.HEIC,2026-04-09 11:15:26,filename_timestamp,/Users/erumhassan/Library/CloudStorage/OneDrive-UniversityofOklahoma/Caddo Nation Field Survey - Documents/Wells/W16/Field Visit Data/Field Pictures/30_2026-04-09_11-15-26.HEIC,4.0,4.0,after
1775751124,537,2026-04-09 11:12:04,2026-04-09 11:13:20,2682.4192,2.6824192,0.4266848000000003,2.6824192,False,41,24,24_2026-04-09_11-13-19.HEIC,2026-04-09 11:13:19,filename_timestamp,/Users/erumhassan/Library/CloudStorage/OneDrive-UniversityofOklahoma/Caddo Nation Field Survey - Documents/Wells/W16/Field Visit Data/Field Pictures/24_2026-04-09_11-13-19.HEIC,-1.0,1.0,before
1775751168,581,2026-04-09 11:12:48,2026-04-09 11:14:04,2632.9524,2.6329524,0.4190381000000003,2.6329524,False,42,29,29_2026-04-09_11-13-34.HEIC,2026-04-09 11:13:34,filename_timestamp,/Users/erumhassan/Library/CloudStorage/OneDrive-UniversityofOklahoma/Caddo Nation Field Survey - Documents/Wells/W16/Field Visit Data/Field Pictures/29_2026-04-09_11-13-34.HEIC,-30.0,30.0,before
1775751311,724,2026-04-09 11:15:11,2026-04-09 11:16:27,2557.8872,2.5578872,0.45526219999999995,2.5578872,False,43,30,30_2026-04-09_11-15-26.HEIC,2026-04-09 11:15:26,filename_timestamp,/Users/erumhassan/Library/CloudStorage/OneDrive-UniversityofOklahoma/Caddo Nation Field Survey - Documents/Wells/W16/Field Visit Data/Field Pictures/30_2026-04-09_11-15-26.HEIC,-61.0,61.0,before
1775751533,946,2026-04-09 11:18:53,2026-04-09 11:20:09,2551.2864,2.5512864,0.17086920000000028,2.5512864,False,44,35,35_2026-04-09_11-19-57.HEIC,2026-04-09 11:19:57,filename_timestamp,/Users/erumhassan/Library/CloudStorage/OneDrive-UniversityofOklahoma/Caddo Nation Field Survey - Documents/Wells/W16/Field Visit Data/Field Pictures/35_2026-04-09_11-19-57.HEIC,-12.0,12.0,before
1775751191,604,2026-04-09 11:13:11,2026-04-09 11:14:27,2548.5637,2.5485637000000003,0.29705490000000045,2.5485637000000003,False,45,29,29_2026-04-09_11-13-34.HEIC,2026-04-09 11:13:34,filename_timestamp,/Users/erumhassan/Library/CloudStorage/OneDrive-UniversityofOklahoma/Caddo Nation Field Survey - Documents/Wells/W16/Field Visit Data/Field Pictures/29_2026-04-09_11-13-34.HEIC,-53.0,53.0,before
1775750802,215,2026-04-09 11:06:42,2026-04-09 11:07:58,2525.3994,2.5253994,0.41141939999999977,2.5253994,False,46,18,18_2026-04-09_11-05-59.HEIC,2026-04-09 11:05:59,filename_timestamp,/Users/erumhassan/Library/CloudStorage/OneDrive-UniversityofOklahoma/Caddo Nation Field Survey - Documents/Wells/W16/Field Visit Data/Field Pictures/18_2026-04-09_11-05-59.HEIC,-119.0,119.0,before
1775751114,527,2026-04-09 11:11:54,2026-04-09 11:13:10,2508.6184,2.5086184,0.3638710999999999,2.5086184,False,47,24,24_2026-04-09_11-13-19.HEIC,2026-04-09 11:13:19,filename_timestamp,/Users/erumhassan/Library/CloudStorage/OneDrive-UniversityofOklahoma/Caddo Nation Field Survey - Documents/Wells/W16/Field Visit Data/Field Pictures/24_2026-04-09_11-13-19.HEIC,9.0,9.0,after
1775751262,675,2026-04-09 11:14:22,2026-04-09 11:15:38,2498.4348,2.4984348,0.3940585999999997,2.4984348,False,48,30,30_2026-04-09_11-15-26.HEIC,2026-04-09 11:15:26,filename_timestamp,/Users/erumhassan/Library/CloudStorage/OneDrive-UniversityofOklahoma/Caddo Nation Field Survey - Documents/Wells/W16/Field Visit Data/Field Pictures/30_2026-04-09_11-15-26.HEIC,-12.0,12.0,before
1775751178,591,2026-04-09 11:12:58,2026-04-09 11:14:14,2496.5359,2.4965359,0.09520950000000017,2.4965359,False,49,29,29_2026-04-09_11-13-34.HEIC,2026-04-09 11:13:34,filename_timestamp,/Users/erumhassan/Library/CloudStorage/OneDrive-UniversityofOklahoma/Caddo Nation Field Survey - Documents/Wells/W16/Field Visit Data/Field Pictures/29_2026-04-09_11-13-34.HEIC,-40.0,40.0,before
1775751187,600,2026-04-09 11:13:07,2026-04-09 11:14:23,2491.8118,2.4918118,0.21194049999999987,2.4918118,False,50,29,29_2026-04-09_11-13-34.HEIC,2026-04-09 11:13:34,filename_timestamp,/Users/erumhassan/Library/CloudStorage/OneDrive-UniversityofOklahoma/Caddo Nation Field Survey - Documents/Wells/W16/Field Visit Data/Field Pictures/29_2026-04-09_11-13-34.HEIC,-49.0,49.0,before
1775751267,680,2026-04-09 11:14:27,2026-04-09 11:15:43,2476.2366,2.4762366,0.30574270000000014,2.4762366,False,51,30,30_2026-04-09_11-15-26.HEIC,2026-04-09 11:15:26,filename_timestamp,/Users/erumhassan/Library/CloudStorage/OneDrive-UniversityofOklahoma/Caddo Nation Field Survey - Documents/Wells/W16/Field Visit Data/Field Pictures/30_2026-04-09_11-15-26.HEIC,-17.0,17.0,before
1775751140,553,2026-04-09 11:12:20,2026-04-09 11:13:36,2473.73,2.47373,0.28972679999999995,2.47373,False,52,29,29_2026-04-09_11-13-34.HEIC,2026-04-09 11:13:34,filename_timestamp,/Users/erumhassan/Library/CloudStorage/OneDrive-UniversityofOklahoma/Caddo Nation Field Survey - Documents/Wells/W16/Field Visit Data/Field Pictures/29_2026-04-09_11-13-34.HEIC,-2.0,2.0,before
1775751296,709,2026-04-09 11:14:56,2026-04-09 11:16:12,2425.9009,2.4259009000000002,0.32044070000000024,2.4259009000000002,False,53,30,30_2026-04-09_11-15-26.HEIC,2026-04-09 11:15:26,filename_timestamp,/Users/erumhassan/Library/CloudStorage/OneDrive-UniversityofOklahoma/Caddo Nation Field Survey - Documents/Wells/W16/Field Visit Data/Field Pictures/30_2026-04-09_11-15-26.HEIC,-46.0,46.0,before
1775751396,809,2026-04-09 11:16:36,2026-04-09 11:17:52,2420.7322,2.4207322,0.3216203999999996,2.4207322,False,54,31,31_2026-04-09_11-18-39.HEIC,2026-04-09 11:18:39,filename_timestamp,/Users/erumhassan/Library/CloudStorage/OneDrive-UniversityofOklahoma/Caddo Nation Field Survey - Documents/Wells/W16/Field Visit Data/Field Pictures/31_2026-04-09_11-18-39.HEIC,47.0,47.0,after
1775751098,511,2026-04-09 11:11:38,2026-04-09 11:12:54,2398.6458,2.3986457999999997,0.28203129999999943,2.3986457999999997,False,55,24,24_2026-04-09_11-13-19.HEIC,2026-04-09 11:13:19,filename_timestamp,/Users/erumhassan/Library/CloudStorage/OneDrive-UniversityofOklahoma/Caddo Nation Field Survey - Documents/Wells/W16/Field Visit Data/Field Pictures/24_2026-04-09_11-13-19.HEIC,25.0,25.0,after
1775751271,684,2026-04-09 11:14:31,2026-04-09 11:15:47,2376.8474,2.3768474,0.11101219999999978,2.3768474,False,56,30,30_2026-04-09_11-15-26.HEIC,2026-04-09 11:15:26,filename_timestamp,/Users/erumhassan/Library/CloudStorage/OneDrive-UniversityofOklahoma/Caddo Nation Field Survey - Documents/Wells/W16/Field Visit Data/Field Pictures/30_2026-04-09_11-15-26.HEIC,-21.0,21.0,before
1775751260,673,2026-04-09 11:14:20,2026-04-09 11:15:36,2374.177,2.374177,0.07171949999999994,2.374177,False,57,30,30_2026-04-09_11-15-26.HEIC,2026-04-09 11:15:26,filename_timestamp,/Users/erumhassan/Library/CloudStorage/OneDrive-UniversityofOklahoma/Caddo Nation Field Survey - Documents/Wells/W16/Field Visit Data/Field Pictures/30_2026-04-09_11-15-26.HEIC,-10.0,10.0,before
1775751357,770,2026-04-09 11:15:57,2026-04-09 11:17:13,2369.8708,2.3698708,0.2582220999999998,2.3698708,False,58,31,31_2026-04-09_11-18-39.HEIC,2026-04-09 11:18:39,filename_timestamp,/Users/erumhassan/Library/CloudStorage/OneDrive-UniversityofOklahoma/Caddo Nation Field Survey - Documents/Wells/W16/Field Visit Data/Field Pictures/31_2026-04-09_11-18-39.HEIC,86.0,86.0,after
1775751151,564,2026-04-09 11:12:31,2026-04-09 11:13:47,2359.4795,2.3594795,0.20209199999999994,2.3594795,False,59,29,29_2026-04-09_11-13-34.HEIC,2026-04-09 11:13:34,filename_timestamp,/Users/erumhassan/Library/CloudStorage/OneDrive-UniversityofOklahoma/Caddo Nation Field Survey - Documents/Wells/W16/Field Visit Data/Field Pictures/29_2026-04-09_11-13-34.HEIC,-13.0,13.0,before
1775751341,754,2026-04-09 11:15:41,2026-04-09 11:16:57,2355.4778,2.3554778,0.2436575000000003,2.3554778,False,60,30,30_2026-04-09_11-15-26.HEIC,2026-04-09 11:15:26,filename_timestamp,/Users/erumhassan/Library/CloudStorage/OneDrive-UniversityofOklahoma/Caddo Nation Field Survey - Documents/Wells/W16/Field Visit Data/Field Pictures/30_2026-04-09_11-15-26.HEIC,-91.0,91.0,before
1775751352,765,2026-04-09 11:15:52,2026-04-09 11:17:08,2346.2019,2.3462019,0.16891109999999987,2.3462019,False,61,31,31_2026-04-09_11-18-39.HEIC,2026-04-09 11:18:39,filename_timestamp,/Users/erumhassan/Library/CloudStorage/OneDrive-UniversityofOklahoma/Caddo Nation Field Survey - Documents/Wells/W16/Field Visit Data/Field Pictures/31_2026-04-09_11-18-39.HEIC,91.0,91.0,after
1775751236,649,2026-04-09 11:13:56,2026-04-09 11:15:12,2344.5039,2.3445039000000003,0.19708670000000028,2.3445039000000003,False,62,30,30_2026-04-09_11-15-26.HEIC,2026-04-09 11:15:26,filename_timestamp,/Users/erumhassan/Library/CloudStorage/OneDrive-UniversityofOklahoma/Caddo Nation Field Survey - Documents/Wells/W16/Field Visit Data/Field Pictures/30_2026-04-09_11-15-26.HEIC,14.0,14.0,after
1775751545,958,2026-04-09 11:19:05,2026-04-09 11:20:21,2344.1877,2.3441877,0.22310929999999995,2.3441877,False,63,36,36_2026-04-09_11-20-41.HEIC,2026-04-09 11:20:41,filename_timestamp,/Users/erumhassan/Library/CloudStorage/OneDrive-UniversityofOklahoma/Caddo Nation Field Survey - Documents/Wells/W16/Field Visit Data/Field Pictures/36_2026-04-09_11-20-41.HEIC,20.0,20.0,after
1775751211,624,2026-04-09 11:13:31,2026-04-09 11:14:47,2320.0344,2.3200344,0.20245159999999984,2.3200344,False,64,30,30_2026-04-09_11-15-26.HEIC,2026-04-09 11:15:26,filename_timestamp,/Users/erumhassan/Library/CloudStorage/OneDrive-UniversityofOklahoma/Caddo Nation Field Survey - Documents/Wells/W16/Field Visit Data/Field Pictures/30_2026-04-09_11-15-26.HEIC,39.0,39.0,after
1775751348,761,2026-04-09 11:15:48,2026-04-09 11:17:04,2310.6206,2.3106206,0.1299535999999999,2.3106206,False,65,31,31_2026-04-09_11-18-39.HEIC,2026-04-09 11:18:39,filename_timestamp,/Users/erumhassan/Library/CloudStorage/OneDrive-UniversityofOklahoma/Caddo Nation Field Survey - Documents/Wells/W16/Field Visit Data/Field Pictures/31_2026-04-09_11-18-39.HEIC,95.0,95.0,after
1775751144,557,2026-04-09 11:12:24,2026-04-09 11:13:40,2304.3181,2.3043181,0.08614990000000011,2.3043181,False,66,29,29_2026-04-09_11-13-34.HEIC,2026-04-09 11:13:34,filename_timestamp,/Users/erumhassan/Library/CloudStorage/OneDrive-UniversityofOklahoma/Caddo Nation Field Survey - Documents/Wells/W16/Field Visit Data/Field Pictures/29_2026-04-09_11-13-34.HEIC,-6.0,6.0,before
1775751760,1173,2026-04-09 11:22:40,2026-04-09 11:23:56,2303.2651,2.3032651,0.20456930000000018,2.3032651,False,67,42,42_2026-04-09_11-22-14.HEIC,2026-04-09 11:22:14,filename_timestamp,/Users/erumhassan/Library/CloudStorage/OneDrive-UniversityofOklahoma/Caddo Nation Field Survey - Documents/Wells/W16/Field Visit Data/Field Pictures/42_2026-04-09_11-22-14.HEIC,-102.0,102.0,before
1775751830,1243,2026-04-09 11:23:50,2026-04-09 11:25:06,2290.7654,2.2907654,0.18844190000000038,2.2907654,False,68,42,42_2026-04-09_11-22-14.HEIC,2026-04-09 11:22:14,filename_timestamp,/Users/erumhassan/Library/CloudStorage/OneDrive-UniversityofOklahoma/Caddo Nation Field Survey - Documents/Wells/W16/Field Visit Data/Field Pictures/42_2026-04-09_11-22-14.HEIC,-172.0,172.0,before
1775751644,1057,2026-04-09 11:20:44,2026-04-09 11:22:00,2275.4148,2.2754148,0.17267680000000007,2.2754148,False,69,42,42_2026-04-09_11-22-14.HEIC,2026-04-09 11:22:14,filename_timestamp,/Users/erumhassan/Library/CloudStorage/OneDrive-UniversityofOklahoma/Caddo Nation Field Survey - Documents/Wells/W16/Field Visit Data/Field Pictures/42_2026-04-09_11-22-14.HEIC,14.0,14.0,after
1775751587,1000,2026-04-09 11:19:47,2026-04-09 11:21:03,2271.8391,2.2718391000000002,0.17346480000000009,2.2718391000000002,False,70,39,39_2026-04-09_11-20-50.HEIC,2026-04-09 11:20:50,filename_timestamp,/Users/erumhassan/Library/CloudStorage/OneDrive-UniversityofOklahoma/Caddo Nation Field Survey - Documents/Wells/W16/Field Visit Data/Field Pictures/39_2026-04-09_11-20-50.HEIC,-13.0,13.0,before
1775751755,1168,2026-04-09 11:22:35,2026-04-09 11:23:51,2253.3245,2.2533245,0.15317559999999997,2.2533245,False,71,42,42_2026-04-09_11-22-14.HEIC,2026-04-09 11:22:14,filename_timestamp,/Users/erumhassan/Library/CloudStorage/OneDrive-UniversityofOklahoma/Caddo Nation Field Survey - Documents/Wells/W16/Field Visit Data/Field Pictures/42_2026-04-09_11-22-14.HEIC,-97.0,97.0,before
1775751319,732,2026-04-09 11:15:19,2026-04-09 11:16:35,2245.1226,2.2451226,0.1298455000000005,2.2451226,False,72,30,30_2026-04-09_11-15-26.HEIC,2026-04-09 11:15:26,filename_timestamp,/Users/erumhassan/Library/CloudStorage/OneDrive-UniversityofOklahoma/Caddo Nation Field Survey - Documents/Wells/W16/Field Visit Data/Field Pictures/30_2026-04-09_11-15-26.HEIC,-69.0,69.0,before
1775751276,689,2026-04-09 11:14:36,2026-04-09 11:15:52,2239.3323,2.2393323,0.05078840000000007,2.2393323,False,73,30,30_2026-04-09_11-15-26.HEIC,2026-04-09 11:15:26,filename_timestamp,/Users/erumhassan/Library/CloudStorage/OneDrive-UniversityofOklahoma/Caddo Nation Field Survey - Documents/Wells/W16/Field Visit Data/Field Pictures/30_2026-04-09_11-15-26.HEIC,-26.0,26.0,before
1775751489,902,2026-04-09 11:18:09,2026-04-09 11:19:25,2235.2898,2.2352898,0.13525680000000007,2.2352898,False,74,33,33_2026-04-09_11-19-22.HEIC,2026-04-09 11:19:22,filename_timestamp,/Users/erumhassan/Library/CloudStorage/OneDrive-UniversityofOklahoma/Caddo Nation Field Survey - Documents/Wells/W16/Field Visit Data/Field Pictures/33_2026-04-09_11-19-22.HEIC,-3.0,3.0,before
1775751467,880,2026-04-09 11:17:47,2026-04-09 11:19:03,2228.8499,2.2288499,0.12777890000000003,2.2288499,False,75,32,32_2026-04-09_11-18-58.HEIC,2026-04-09 11:18:58,filename_timestamp,/Users/erumhassan/Library/CloudStorage/OneDrive-UniversityofOklahoma/Caddo Nation Field Survey - Documents/Wells/W16/Field Visit Data/Field Pictures/32_2026-04-09_11-18-58.HEIC,-5.0,5.0,before
1775751475,888,2026-04-09 11:17:55,2026-04-09 11:19:11,2225.3191,2.2253191,0.10631009999999996,2.2253191,False,76,33,33_2026-04-09_11-19-22.HEIC,2026-04-09 11:19:22,filename_timestamp,/Users/erumhassan/Library/CloudStorage/OneDrive-UniversityofOklahoma/Caddo Nation Field Survey - Documents/Wells/W16/Field Visit Data/Field Pictures/33_2026-04-09_11-19-22.HEIC,11.0,11.0,after
1775750767,180,2026-04-09 11:06:07,2026-04-09 11:07:23,2224.24,2.22424,0.11427760000000031,2.22424,False,77,18,18_2026-04-09_11-05-59.HEIC,2026-04-09 11:05:59,filename_timestamp,/Users/erumhassan/Library/CloudStorage/OneDrive-UniversityofOklahoma/Caddo Nation Field Survey - Documents/Wells/W16/Field Visit Data/Field Pictures/18_2026-04-09_11-05-59.HEIC,-84.0,84.0,before
1775751370,783,2026-04-09 11:16:10,2026-04-09 11:17:26,2213.9592,2.2139591999999997,0.1062596999999994,2.2139591999999997,False,78,31,31_2026-04-09_11-18-39.HEIC,2026-04-09 11:18:39,filename_timestamp,/Users/erumhassan/Library/CloudStorage/OneDrive-UniversityofOklahoma/Caddo Nation Field Survey - Documents/Wells/W16/Field Visit Data/Field Pictures/31_2026-04-09_11-18-39.HEIC,73.0,73.0,after
1775751451,864,2026-04-09 11:17:31,2026-04-09 11:18:47,2213.9221,2.2139220999999996,0.07939479999999932,2.2139220999999996,False,79,31,31_2026-04-09_11-18-39.HEIC,2026-04-09 11:18:39,filename_timestamp,/Users/erumhassan/Library/CloudStorage/OneDrive-UniversityofOklahoma/Caddo Nation Field Survey - Documents/Wells/W16/Field Visit Data/Field Pictures/31_2026-04-09_11-18-39.HEIC,-8.0,8.0,before
1775751788,1201,2026-04-09 11:23:08,2026-04-09 11:24:24,2208.5696,2.2085695999999997,0.10959889999999994,2.2085695999999997,False,80,42,42_2026-04-09_11-22-14.HEIC,2026-04-09 11:22:14,filename_timestamp,/Users/erumhassan/Library/CloudStorage/OneDrive-UniversityofOklahoma/Caddo Nation Field Survey - Documents/Wells/W16/Field Visit Data/Field Pictures/42_2026-04-09_11-22-14.HEIC,-130.0,130.0,before
1775751666,1079,2026-04-09 11:21:06,2026-04-09 11:22:22,2206.4224,2.2064224,0.10845170000000026,2.2064224,False,81,42,42_2026-04-09_11-22-14.HEIC,2026-04-09 11:22:14,filename_timestamp,/Users/erumhassan/Library/CloudStorage/OneDrive-UniversityofOklahoma/Caddo Nation Field Survey - Documents/Wells/W16/Field Visit Data/Field Pictures/42_2026-04-09_11-22-14.HEIC,-8.0,8.0,before
1775751506,919,2026-04-09 11:18:26,2026-04-09 11:19:42,2197.1079,2.1971079,0.09705759999999986,2.1971079,False,82,34,34_2026-04-09_11-19-43.HEIC,2026-04-09 11:19:43,filename_timestamp,/Users/erumhassan/Library/CloudStorage/OneDrive-UniversityofOklahoma/Caddo Nation Field Survey - Documents/Wells/W16/Field Visit Data/Field Pictures/34_2026-04-09_11-19-43.HEIC,1.0,1.0,after
1775750592,5,2026-04-09 11:03:12,2026-04-09 11:04:28,2188.2842,2.1882842,0.05452219999999963,2.1882842,False,83,62,62_2026-04-09_11-04-44.jpeg,2026-04-09 11:04:44,filename_timestamp,/Users/erumhassan/Library/CloudStorage/OneDrive-UniversityofOklahoma/Caddo Nation Field Survey - Documents/Wells/W16/Field Visit Data/Field Pictures/62_2026-04-09_11-04-44.jpeg,16.0,16.0,after
1775750597,10,2026-04-09 11:03:17,2026-04-09 11:04:33,2186.9382,2.1869382,0.05685080000000031,2.1869382,False,84,62,62_2026-04-09_11-04-44.jpeg,2026-04-09 11:04:44,filename_timestamp,/Users/erumhassan/Library/CloudStorage/OneDrive-UniversityofOklahoma/Caddo Nation Field Survey - Documents/Wells/W16/Field Visit Data/Field Pictures/62_2026-04-09_11-04-44.jpeg,11.0,11.0,after
1775750604,17,2026-04-09 11:03:24,2026-04-09 11:04:40,2185.6699,2.1856698999999997,0.08115719999999937,2.1856698999999997,False,85,62,62_2026-04-09_11-04-44.jpeg,2026-04-09 11:04:44,filename_timestamp,/Users/erumhassan/Library/CloudStorage/OneDrive-UniversityofOklahoma/Caddo Nation Field Survey - Documents/Wells/W16/Field Visit Data/Field Pictures/62_2026-04-09_11-04-44.jpeg,4.0,4.0,after
1775751565,978,2026-04-09 11:19:25,2026-04-09 11:20:41,2183.4868,2.1834868000000003,0.07684320000000033,2.1834868000000003,False,86,36,36_2026-04-09_11-20-41.HEIC,2026-04-09 11:20:41,filename_timestamp,/Users/erumhassan/Library/CloudStorage/OneDrive-UniversityofOklahoma/Caddo Nation Field Survey - Documents/Wells/W16/Field Visit Data/Field Pictures/36_2026-04-09_11-20-41.HEIC,0.0,0.0,exact
1775750601,14,2026-04-09 11:03:21,2026-04-09 11:04:37,2180.979,2.180979,0.0654530999999996,2.180979,False,87,62,62_2026-04-09_11-04-44.jpeg,2026-04-09 11:04:44,filename_timestamp,/Users/erumhassan/Library/CloudStorage/OneDrive-UniversityofOklahoma/Caddo Nation Field Survey - Documents/Wells/W16/Field Visit Data/Field Pictures/62_2026-04-09_11-04-44.jpeg,7.0,7.0,after
1775750611,24,2026-04-09 11:03:31,2026-04-09 11:04:47,2175.5354,2.1755354000000002,0.062212600000000506,2.1755354000000002,False,88,63,63_2026-04-09_11-04-46.jpeg,2026-04-09 11:04:46,filename_timestamp,/Users/erumhassan/Library/CloudStorage/OneDrive-UniversityofOklahoma/Caddo Nation Field Survey - Documents/Wells/W16/Field Visit Data/Field Pictures/63_2026-04-09_11-04-46.jpeg,-1.0,1.0,before
1775751199,612,2026-04-09 11:13:19,2026-04-09 11:14:35,2174.7158,2.1747158,0.05458199999999991,2.1747158,False,89,30,30_2026-04-09_11-15-26.HEIC,2026-04-09 11:15:26,filename_timestamp,/Users/erumhassan/Library/CloudStorage/OneDrive-UniversityofOklahoma/Caddo Nation Field Survey - Documents/Wells/W16/Field Visit Data/Field Pictures/30_2026-04-09_11-15-26.HEIC,51.0,51.0,after
1775750631,44,2026-04-09 11:03:51,2026-04-09 11:05:07,2174.071,2.174071,0.06930440000000004,2.174071,False,90,64,64_2026-04-09_11-05-07.jpeg,2026-04-09 11:05:07,filename_timestamp,/Users/erumhassan/Library/CloudStorage/OneDrive-UniversityofOklahoma/Caddo Nation Field Survey - Documents/Wells/W16/Field Visit Data/Field Pictures/64_2026-04-09_11-05-07.jpeg,0.0,0.0,exact
1775750608,21,2026-04-09 11:03:28,2026-04-09 11:04:44,2172.9233,2.1729233,0.05771499999999996,2.1729233,False,91,62,62_2026-04-09_11-04-44.jpeg,2026-04-09 11:04:44,filename_timestamp,/Users/erumhassan/Library/CloudStorage/OneDrive-UniversityofOklahoma/Caddo Nation Field Survey - Documents/Wells/W16/Field Visit Data/Field Pictures/62_2026-04-09_11-04-44.jpeg,0.0,0.0,exact
1775750623,36,2026-04-09 11:03:43,2026-04-09 11:04:59,2166.2114,2.1662114000000003,0.054132800000000536,2.1662114000000003,False,92,64,64_2026-04-09_11-05-07.jpeg,2026-04-09 11:05:07,filename_timestamp,/Users/erumhassan/Library/CloudStorage/OneDrive-UniversityofOklahoma/Caddo Nation Field Survey - Documents/Wells/W16/Field Visit Data/Field Pictures/64_2026-04-09_11-05-07.jpeg,8.0,8.0,after
1775750691,104,2026-04-09 11:04:51,2026-04-09 11:06:07,2164.9341,2.1649341,0.09391799999999995,2.1649341,False,93,18,18_2026-04-09_11-05-59.HEIC,2026-04-09 11:05:59,filename_timestamp,/Users/erumhassan/Library/CloudStorage/OneDrive-UniversityofOklahoma/Caddo Nation Field Survey - Documents/Wells/W16/Field Visit Data/Field Pictures/18_2026-04-09_11-05-59.HEIC,-8.0,8.0,before
1775751782,1195,2026-04-09 11:23:02,2026-04-09 11:24:18,2159.7678,2.1597678,0.06055590000000022,2.1597678,False,94,42,42_2026-04-09_11-22-14.HEIC,2026-04-09 11:22:14,filename_timestamp,/Users/erumhassan/Library/CloudStorage/OneDrive-UniversityofOklahoma/Caddo Nation Field Survey - Documents/Wells/W16/Field Visit Data/Field Pictures/42_2026-04-09_11-22-14.HEIC,-124.0,124.0,before
1775751419,832,2026-04-09 11:16:59,2026-04-09 11:18:15,2154.8394,2.1548393999999997,0.05395609999999973,2.1548393999999997,False,95,31,31_2026-04-09_11-18-39.HEIC,2026-04-09 11:18:39,filename_timestamp,/Users/erumhassan/Library/CloudStorage/OneDrive-UniversityofOklahoma/Caddo Nation Field Survey - Documents/Wells/W16/Field Visit Data/Field Pictures/31_2026-04-09_11-18-39.HEIC,24.0,24.0,after
1775751737,1150,2026-04-09 11:22:17,2026-04-09 11:23:33,2154.8042,2.1548042,0.05589479999999991,2.1548042,False,96,42,42_2026-04-09_11-22-14.HEIC,2026-04-09 11:22:14,filename_timestamp,/Users/erumhassan/Library/CloudStorage/OneDrive-UniversityofOklahoma/Caddo Nation Field Survey - Documents/Wells/W16/Field Visit Data/Field Pictures/42_2026-04-09_11-22-14.HEIC,-79.0,79.0,before
1775750703,116,2026-04-09 11:05:03,2026-04-09 11:06:19,2154.1416,2.1541416,0.07480200000000004,2.1541416,False,97,18,18_2026-04-09_11-05-59.HEIC,2026-04-09 11:05:59,filename_timestamp,/Users/erumhassan/Library/CloudStorage/OneDrive-UniversityofOklahoma/Caddo Nation Field Survey - Documents/Wells/W16/Field Visit Data/Field Pictures/18_2026-04-09_11-05-59.HEIC,-20.0,20.0,before
